reviewNum,domainID,aspectCategoryPolarity,review,aspectCategory,domain,reviewID,predictedCategory,predictedCategorySentiment
0,app_2,neu,फेसबुक का सिक्योरिटी चैकअप फीचर पॉपअप की तरह यूजर्स को दिखाइ देगा।,gui,app,app_2,misc,pos
1,app_3,neu,"इस पॉपअप बॉक्स में पासवर्ड चेंज करने, लॉगइन अलर्ट्स चालू करने और मौजूदा फेसबुक सेशन को पूरी तरह से बंद करने के ऑप्शन मिलेंगे।",misc,app,app_3,hardware,pos
2,app_20,pos,मैसेंजर अब ब्लैकबेरी स्मार्टफोन तक ही सीमित नहीं है।,ease_of_use,app,app_20,software,pos
3,app_27,pos,"चूंकि इसका गोइंग अच्छा था, अत: मैंने एप्प्ल एप्प स्टोर से बीबीएम को डाउनलोड कर लिया।",misc,app,app_27,software,pos
4,app_32,pos,"आपकी रूचि बनाये रखने के लिए, इस एप्प में काले, आसमानी, नीले और सफेद रंग के मिश्रण से युक्त पर्याप्त विजुअल एलीमेंट्स उपलब्ध हैं।",misc,app,app_32,design,neu
5,app_48,neu,यह एप्प अभी सिर्फ एंड्रॉयड डिवाइसेज के लिए ही उपलब्ध है।,misc,app,app_48,software,pos
6,app_67,neu,टाटा स्कार्इ और डिश टीवी दोनों कुछ खास स्पोर्ट्स चैनल देते हैं।,misc,app,app_67,software,pos
7,app_72,neg,इस प्लेटफॉर्म पर अभी तक एचडी चैनल्स उपलब्ध नहीं हैं।,misc,app,app_72,software,pos
8,app_81,pos,'एंटर साइन ईजी एप' के साथ आईफोन 5एस के उपभोक्ताओं की यह परेशानी खत्म हो जाती है।,misc,app,app_81,design,neu
9,app_99,pos,इसमें विशेष बेस और ट्रेबल नियंत्रण है।,ease_of_use,app,app_99,software,pos
11,app_110,neu,स्लोफो का ज्यादातर फीचर गेमिंग पर आधारित है।,misc,app,app_110,software,pos
12,app_138,neu,"रिम (RIM) ने अपने मैसेंजर एप्प का नया वर्जन उतारा है, बीबीएम (BBM)।",misc,app,app_138,software,pos
13,app_144,neu,"हालांकि सूचना के मामले में, कुछ भी बदला नहीं गया है और यह जीपीएस के द्वारा ट्रेक लोकेशन नहीं है लेकिन यह रेलवे स्टेशन से प्राप्त जानकारी पर आधारित है जिसको ट्रेन ने हाल ही में क्रास किया हो।",gui,app,app_144,software,pos
14,app_148,neg,"जाहिर रूप से, एंड्रॉयड डिवाइस के यूजर्स, जो कि आउटलुक डॉट कॉम (Outlook.com) एप्प का इस्तेमाल करते थे, इसके पुराने यूजर इंटरफेस और सिंक परेशानियों से बहुत ज्यादा खुश नहीं है।",gui,app,app_148,software,pos
15,app_157,pos,कंपनी के एप्स स्टोर पर आज एक से बढ़कर एक म्यूजिक एप्लिकेशन हैं।,misc,app,app_157,software,pos
18,app_184,pos,कुल मिलाकर यह गेम एक बेहतरीन आइडिया है जो घंटों तक यूजर्स को अपने डिवाइस से जोड़े रख सकता है।,ease_of_use,app,app_184,software,pos
19,app_192,neg,डाउनलोड करने के हिसाब से देखें तो साइज खास बड़ा है।,misc,app,app_192,software,pos
20,app_214,pos,डिफॉल्ट ब्राउजर के साथ तालमेल बिठाने में आसान है।,misc,app,app_214,software,pos
21,cam_24,pos,रबर आईकैप के साथ व्यू फाइंडर बेहद आरामदायक बनाया गया है।,design,cam,cam_24,design,neu
22,cam_30,pos,"पिक्चर क्वालिटी, रॉ (RAW) और जेपीइजी (JPEG) तो प्रभावित करता है, पर इसके अलावा भी एक बेहद लाभकारी फीचर इसमें है।",hardware,cam,cam_30,design,neu
23,cam_39,pos,ऑटो व्हाइट बैलेंस हर सिचुएशन में अच्छा काम करता है और इसपर अच्छी पिक्चर का भरोसा आप कर सकते।,misc,cam,cam_39,software,pos
24,cam_47,pos,निकॉन ने पहली बार D5300 नाम से नया डीएसएलआर कैमरा लांच किया है जिसमें जीपीएस और वाईफाई कनेक्‍टीविटी का फीचर दिया गया है यानी आप कैमरे से सीधे अपनी तस्‍वीरें शेयर कर सकते हैं।,hardware,cam,cam_47,software,pos
25,cam_89,neg,जबकि माइक्रोसॉफ्ट किनेट 3डी कैमरा ऎसा करने सक्षम नहीं है।,misc,cam,cam_89,software,pos
26,cam_99,pos,यह कैमरा एनएफसी तथा वाय-फाय जैसे कनेक्टिविटी फीचर्स से लैस है।,hardware,cam,cam_99,software,pos
27,cam_101,pos,अब 360कैम नाम से छोटा सा लेकिन बहुत ही पावरफुल कैमरा आ चुका है जो पहली नजर में आपका मन मोह सकता है।,design,cam,cam_101,software,pos
28,cam_109,pos,बहुत खूबसूरत दिखने वाला यह शानदार कैमरा जल्द ही 249 डॉलर की कीमत के साथ बाजार उपलब्ध होने वाला है।,design,cam,cam_109,software,pos
29,cam_118,pos,निकोन डी810 कैमरे की सबसे खास बात ये है कि इसमें फुल फ्रेम 36.3 मेगापिक्सल सीमॉस सेंसर और आईएसओ रेंज दिया गया है।,hardware,cam,cam_118,software,pos
30,hea_12,pos,कॉवन र्इएच2 के परफॉर्मेंस की सबसे आश्चर्यजनक और मजेदार बात यह है कि यह 25k हेडफोन्स के करीब है जो कि 8k बैंड के मुकाबले अधिक है।,misc,hea,hea_12,misc,pos
32,hea_20,pos,इसके बॉक्स बंडल में एक कैरी केस था जिससे यह काफी सुंदर दिख रहा था।,design,hea,hea_20,software,pos
34,hea_25,neu,"इसका केबल अधिकतर हिस्सों में फाइबर ब्रेडेड है लेकिन स्टॉपर से जहां लेफ्ट और राइट केबल अलग होती हैं, वे बहुत पतली हो जाती हैं।",hardware,hea,hea_25,software,pos
35,hea_29,neu,बैलेंस्ड आर्मेचर ड्राइवर हार्इ एण्ड स्पेक्ट्रम को संभालता है जबकि डायनेमिक ड्राइवर बास फ्रीक्वेंसी पैदा करता है।,hardware,hea,hea_29,software,pos
36,hea_33,pos,"विभिन्न सोर्सेज से र्इएच2 के बारे में कोशिश करने के बाद, एक बात स्पष्ट है कि इसका डिटेल असाधारण है।",design,hea,hea_33,design,neu
41,hom_76,neu,इसमें इलेक्ट्रोनिक कंट्रोल पैनल भी मौजूद है।,hardware,hom,hom_76,software,pos
42,hom_92,neu,"इसका इंडोर डायमेंशन 660 mm चौड़ाई, 430 mm हाइट और 805 mm गहराई है।",design,hom,hom_92,design,neu
43,lap_8,pos,"एचपी पवेलियन dv6 6100 की सबसे खास बात है इसमें आप अपनी जरूरत के हिसाब से कोर आई3, कोर आई 5 और कोर आई7 में कोई भी प्रोसेसर चुन सकते हैं।",hardware,lap,lap_8,software,pos
44,lap_14,neu,सिंगल माउस बटन और साधारण साउंड क्‍वालिटी है।,hardware,lap,lap_14,software,pos
45,lap_23,neg,बैटरी कुछ कमजोर होने के कारण कामकाजी लोगों को सफर के दौरान इसका इस्तेमाल करना असुविधाजनक लग सकता है।,hardware,lap,lap_23,ease_of_use,neg
46,lap_36,pos,"डिवाइस का सकारात्मक विशेषताओं HDMI के इनपुट, कूलर, काम पर कोई आवाज नहीं, एक सोने मोड ढक्कन बंद करने या सत्ता बटन दबाने में प्रवेश करने की क्षमता शामिल है।",hardware,lap,lap_36,software,pos
47,lap_49,pos,लेनोवो महान मल्टीमीडिया क्षमताओं के साथ एक मॉडल के रूप में श्रृंखला में एक लैपटॉप प्रदान की गई है।,misc,lap,lap_49,design,neu
48,lap_52,neu,"आप फ़ोटोशॉप और वीडियो गेम के शौकीन हैं लेकिन, यहाँ आप इसे पछतावा नहीं होगा।",misc,lap,lap_52,software,pos
49,lap_53,neu,"लैपटॉप द्वारा उत्सर्जित शोर का स्तर काफी स्वीकार्य है, काम में साथ हस्तक्षेप या आपको विचलित नहीं होगा।",misc,lap,lap_53,misc,pos
50,lap_60,pos,इसके साथ ही आसुस ने इस लैपटॉप में बेहतर चार्जिंग सिस्टम भी लगाया है।,hardware,lap,lap_60,software,pos
51,lap_61,pos,भारत का यह पहला नोटबुक है जो लेटेस्ट 5वें जेनरेशन के इंटेल कोर आइ7 प्रोसेसर से लैस है।,hardware,lap,lap_61,software,pos
52,lap_76,neg,"मेरी 12 महीने की वारंटी खत्म हो गई थी तो मैं मरता क्या न करता, यूएसबी वायरलेस नेटवर्क कार्ड अतिरिक्त 1200 रुपए खर्च कर ले आया।",hardware,lap,lap_76,design,neu
53,lap_85,pos,गेमिंग बेंचमार्क टेस्ट में इसका शानदार प्रदर्शन इसे सबसे आगे ला खड़ा करता है।,misc,lap,lap_85,software,pos
54,lap_98,pos,"इस कीमत के रेंज में इसका डिस्प्ले, इसके सभी प्रतिद्वंदियों से बेहतर है।",hardware,lap,lap_98,software,pos
55,lap_108,neu,एक पावरफुल मशीन का भारी होना बहुत स्वाभाविक है।,design,lap,lap_108,software,pos
56,lap_110,con,"हालाँकि इसमें ब्लू-रे ड्राइव नहीं है जो कि जेड580 में है, लेकिन इसका कीबोर्ड, डिस्प्ले और लुक काफी बेहतर है।",design,lap,lap_110,software,pos
57,lap_113,pos,एचपी एन्वी डीवी6 के स्पेसिफिकेशन लिस्ट पर नज़र डालें तो ये काफी बेहतर मालूम होती है।,hardware,lap,lap_113,software,pos
58,lap_115,pos,स्पेसिफिकेशन के आधार पर डीवी6 क्षमता में अपने प्रतियोगियों से काफी आगे और तीव्र मशीन नज़र आती है।,hardware,lap,lap_115,hardware,pos
59,lap_117,neg,लेकिन इसे एक बहुत सक्षम गेमिंग मशीन नहीं कहा जा सकता।,hardware,lap,lap_117,software,pos
60,lap_131,neu,"दोनों लैपटॉप एक ही फैमिली के लेकिन अलग वर्ज़न का चिप इस्तेमाल करते हैं, जेड580 में जहाँ 1जीबी की चिप है वहीँ डीवी6 में ज्यादा शक्तिशाली 2जीबी का चिप लगा है।",hardware,lap,lap_131,software,pos
61,lap_138,pos,एचपी एन्वी डीवी6 का कीबोर्ड भी जेड580 से काफी बेहतर है।,hardware,lap,lap_138,software,pos
62,lap_175,pos,इसमें एक बहुत अच्छा कीबोर्ड भी दिया गया है।,hardware,lap,lap_175,software,pos
63,lap_199,neu,बैटरी बेंचमार्क टेस्ट में विवोबुक एफ202ई की बैटरी लाइफ 148 मिनट रही।,hardware,lap,lap_199,software,pos
64,lap_209,neg,दिलचस्प बात है कि लगभग इसी कीमत में लिनोवो का एस400 माडल इंटल के कोर 3 प्रोसेसर के साथ मिल सकता है जो परफार्मेंस के मामले में बेहतर  है।,hardware,lap,lap_209,software,pos
65,lap_230,neu,इसलिए अगर चाहें तो 28 से 30 हजार रुपये के बीच मौजूद विकल्पों को भी तलाश लें क्योंकि अंत में जाकर इतनी ही लागत आपको इस लैपटाप की आएगी।,price,lap,lap_230,software,pos
66,lap_253,pos,सस्ती कीमत वाले गूगल क्रोमबुक लेपटॉप्स की जबरदस्त लोकप्रियता और बढ़ती मांग से माइक्रोसॉफ्ट के लेपटॉप्स की बिक्री में कमी आई है।,price,lap,lap_253,hardware,pos
67,lap_257,pos,यह सस्ता लेपटॉप वेब सर्फिग और वर्ड प्रोसेसिंग जैसे कार्यो के लिए बेहतर विकल्प हो सकता है।,misc,lap,lap_257,software,pos
68,lap_260,pos,डेल ने भारत में दो नए ऎसे दमदार नोटबुक लॉन्च किए हैं जो शानदार परफोर्मेश वाले हैं।,misc,lap,lap_260,software,pos
69,lap_267,pos,लेपटॉप और टेबलेट दोनों एकसाथ की लेने की इच्छा रखने वालों के लिए यह सबसे अच्छा मौका है।,misc,lap,lap_267,software,pos
70,lap_313,pos,"इसका टचस्क्रीन एक अतिरिक्त लाभ है, लेकिन एक नोटबुक में टचस्क्रीन के इस्तेमाल की बहुत कम ज़रूरत पड़ती है।",hardware,lap,lap_313,design,neu
71,lap_316,pos,रंग काफी गहरे हैं और ब्लैक लेवल इस कीमत के रेंज में सर्वोत्तम में से एक है।,price,lap,lap_316,software,pos
72,lap_403,pos,एक बार ऐसा कर लेने के बाद एन्वी डीवी6 का शानदार परफॉरमेंस आपको खुश कर देगा।,misc,lap,lap_403,software,pos
73,lap_427,neu,इस लैपटॉप की बैटरी 8 घंटे तक सिंगल चार्ज में काम कर सकती है।,hardware,lap,lap_427,hardware,pos
74,lap_461,neu,"साथ ही, माइक्रो सिम, माइक्रो SD कार्ड और स्मार्ट कार्ड रीडर का स्लॉट मौजूद है।",hardware,lap,lap_461,software,pos
75,mob_34,pos,प्राइस टैग तो जबरदस्त है ही।,price,mob,mob_34,software,pos
76,mob_41,pos,इसकी संरचनात्मक खूबसूरती आपको माइक्रोमैक्स के अन्य फोन्स के मुकाबले भाएगी।,design,mob,mob_41,design,neu
77,mob_47,pos,जब हमने इस बाबत चेक किया तो रिजल्ट्स काफी पॉजिटिव मिले।,misc,mob,mob_47,hardware,pos
78,mob_54,neg,बता दें कि इसका हैडसेट सुविधाजनक नहीं लगता हालांकि फोन कॉल सुनने में तो इसका इस्तेमाल कर ही सकते हैं।,hardware,mob,mob_54,design,neu
79,mob_64,con,विडियो कुछ ज्यादा ही अस्थिर थे लेकिन बाकी सब वैसा ही अच्छा रहा जैसे कि फोटोज के मामले में।,hardware,mob,mob_64,software,pos
80,mob_69,pos,"शानदार परफार्मेंस है, बहुत अच्छी बैटरी लाइफ है, पकड़ने में अच्छा है।",hardware,mob,mob_69,software,pos
81,mob_70,neg,"खराब कैमरा क्वालिटी, फोन भारी है, प्रतिस्पर्धियों के मुकाबले थोड़ा सा महंगा भी  है।",hardware,mob,mob_70,software,pos
82,mob_74,pos,सोनी की एक और अच्छी रचना जो कि मात्र देखने योग्य ही नहीं है।,misc,mob,mob_74,software,pos
83,mob_79,pos,"फोन में अच्छा मल्टीमिडिया, पुश मेल (push mail) सेवा दोहरे मेमोरी कार्ड स्लॉट तथा 2.8 इंची कैपेसिटिव टच स्क्रीन के साथ-साथ फीचर्स का पूरा जखीरा लगा है।",hardware,mob,mob_79,software,pos
84,mob_91,pos,"स्क्रीन की टच और इमेज क्वालिटी अच्छी है, बटेरी डेढ़ दिन तक चलता है, पर्फोर्मांस भी बहुत अच्छा है, पकड़ने में भी आसान है।",hardware,mob,mob_91,software,pos
85,mob_92,neg,आगे कैमरा नहीं है अौर कैमरा की इमेज क्वालिटी खराब  है है।,hardware,mob,mob_92,ease_of_use,neg
86,mob_95,neu,इसे जेनफोन 2 नाम से लाया गया है जिसमें 4 जीबी रैम लगी है यह और एंड्रॉयड के लेटेस्ट वर्जन 5.0 लॉलीपॉप पर काम करता है।,software,mob,mob_95,software,pos
87,mob_96,pos,इसके अलावा इसमें आगे और पीछे की तरफ जबरदस्त कैमरे और अंदर बड़ी बैटरी दिए गए हैं।,hardware,mob,mob_96,software,pos
88,mob_99,pos,जबरदस्त प्रोसेसर से लैस इस स्मार्टफोन में 8 मेगापिक्सल कैमरा पीछे की तरफ दिया गया है और इसमें आगे की तरफ भी सेल्फी कैमरा दिया गया है।,hardware,mob,mob_99,software,pos
89,mob_107,neu,इस स्मार्टफोन के किनारे घुमावदार हैं  यह दिखने में बहुत साधारण है।,design,mob,mob_107,design,neu
90,mob_111,pos,कलर रीप्रडक्शन अच्छा है और कंट्रास्ट लेवल भी बढ़िया है  और किनारों से स्क्रीन देखने पर भी रंग कमोबेश ठीक दिखते हैं।,hardware,mob,mob_111,software,pos
91,mob_115,neu,"कई भारी ऐप्स एक साथ चलाने पर यह थोड़ा अटकने लगता है, लेकिन ज्यादातर यूज़र्स को इसे इस्तेमाल करते हुए कोई खास दिक्कत नहीं होगी।",ease_of_use,mob,mob_115,software,pos
92,mob_143,neg,हमें इसकी परफॉर्मेंस में बहुत से इशू फील हुए।,misc,mob,mob_143,design,neu
93,mob_148,con,"अधिकतर यूजर्स के लिए गेमिंग, मूवीज देखने और पढ़ने के लिए अच्छा है पर सूर्य की रोशनी में काफी कठिनाइयां आएंगी।",hardware,mob,mob_148,software,pos
94,mob_164,neu,"इसमें मैन कैमरा 13 मेगापिक्‍सल का लगा हुआ है जिसमें सीन डिटेक्‍शन, फेस रिकॉग्‍नाइजेशन, लो लाइट इनहेंसमेंट, पैनोरमा, जियो टैगिंग, बस्‍ट शॉट, स्‍माइल शॉट और एचडीआर जैसे ऑप्‍शन दिए गए हैं।",hardware,mob,mob_164,software,pos
95,mob_168,pos,इसके साथ कुछ शानदार ऑफर भी मिल रहे हें।,misc,mob,mob_168,software,pos
96,mob_205,pos,"एमआइ 4आइ में ब्युटिफिकेशन फीचर दिया गया है, जो रिंकल और फेस के अन्य दाग- धब्बों को रिमूव करके सेल्फी व पिक्चर्स के मजे को दोगुना बना देता है।",hardware,mob,mob_205,software,pos
97,mob_209,neu,"नेक्सस 6 बहुत बड़ा फोन है, मार्केट में फिलहाल उपलब्ध सभी फैबलेट में नेक्सस 6 सबसे बड़ा फैबलेट है।",design,mob,mob_209,software,pos
98,mob_217,pos,इस फोन में स्टनिंग स्क्रीन के साथ ग्रेट बिल्ट क्वालिटी उपलब्ध है।,hardware,mob,mob_217,software,pos
99,mob_232,pos,1 जीबी के रैम की वजह से इसका परफार्मेंस काफी अच्छा है।,hardware,mob,mob_232,software,pos
100,mob_246,neu,नेक्सस 6 गूगल के नये एंड्रायड 5 लॉलीपॉप पर चलने वाला पहला स्मार्टफोन है।,software,mob,mob_246,software,pos
101,mob_256,neu,एस हेल्थ यूजर के प्रतिदिन के फिजिकल एक्टिीविटी का स्नैपशॉट मुहैया कराएगा।,ease_of_use,mob,mob_256,software,pos
102,mob_260,pos,पर जेनरल पफार्मेंस बेहतर है इसमें एसफाल्ट 8 जैसे गेम बेहतर तरीके से खेला जा सकता है।,misc,mob,mob_260,software,pos
103,mob_274,neu,डिवाइस में पोर्ट व बटन भी ठीक आकार में लगाए गए हैं।,hardware,mob,mob_274,software,pos
104,mob_284,pos,यदि ऑडियो सिस्टम की बात करें तो आवाज काफी अच्छी है साथ ही लाउडस्पीकर पर भी म्यूजिक सुनने का अनुभव अच्छा है।,hardware,mob,mob_284,software,pos
105,mob_287,pos,वैम्मी नियो काफी पतला डिवाइस है और वजन के मामले में इसने मोटो जी को भी पीछे छोड़ा है।,design,mob,mob_287,design,neu
106,mob_353,pos,आर्या जेड2 एक एंड्रॉयड स्मार्टफोन है जो इसके लेटेस्ट वर्जन 4.4 किटकैट पर काम करता है।,software,mob,mob_353,software,pos
107,mob_357,pos,फ्रंट कैमरे के मामले यह रेडमी 1एस से ज्यादा अच्छा है।,hardware,mob,mob_357,software,pos
108,mob_381,pos,4G कनेक्टिविटी के साथ इस वक्त यह भारत का सबसे सस्ता स्मार्टफोन है।,hardware,mob,mob_381,software,pos
109,mob_402,pos,"पांच चटख रंगों, जिनमें नारंगी,  गुलाबी और सफेद जैसे रंग शामिल हैं, में यह फोन युवाओं के लिए लुभावना हो सकता है।",design,mob,mob_402,software,pos
110,mob_410,neg,इसके लिए ब्लूटूथ डोगल यां मेमोरी कार्ड रीडर का इस्तेमाल करना होगा जो अत्यंत असुविधाजनक है।,ease_of_use,mob,mob_410,ease_of_use,neg
111,mob_411,neg,हमारा मानना है कि अपने आप में यह इकलौता हैंडसेट आपके लिए एकमात्र मोबाइल के तौर पर शायद नाकाफी साबित होगा।,misc,mob,mob_411,design,neu
112,mob_416,neu,लावा का यह नया ड्यूअल कोर स्मार्टफोन है।,hardware,mob,mob_416,software,pos
113,mob_440,neu,इसमें दो सिम कार्ड लगाए जा सकते हैं लेकिन एक को इस्तेमाल करते समय दूसरा सिम कार्ड सक्रिय नहीं होगा।,hardware,mob,mob_440,hardware,pos
114,mob_451,pos,इस श्रेणी के अन्य कई फोनों की तुलना में आप यहां कहीं बेहतर स्पीड पाएंगे।,misc,mob,mob_451,software,pos
115,mob_469,pos,इस माॅडल में 1080 पिक्सल और पांच इंच की शानदार स्क्रीन है।,hardware,mob,mob_469,software,pos
116,mob_481,neu,अनुवाद के लिए मौजूद ट्रांसलेशन टूल  और गूगल के ट्रांसलेशन टूल में कोई खास फर्क नहीं लगता है।,software,mob,mob_481,software,pos
117,mob_509,neg,स्क्रीन का आकर 3.5 इंच है जिसके चलते गेमिंग का अनुभव बहुत सुखद नहीं है।,hardware,mob,mob_509,software,pos
118,mob_521,pos,विंडोज फोन यूजर्स के लिए ऐप स्टोर पर काफी सारी ऐप मौजूद हैं।,software,mob,mob_521,software,pos
119,mob_522,neg,"आपको यहां लगभग सभी जरूरी ऐप मिल जाएंगी, लेकिन अभी भी आईओएस और एंड्रॉयड की तुलना में यहां एप्लिकेशंस की संख्या कम ही है।",software,mob,mob_522,software,pos
120,mob_550,pos,"फिर भी अच्छी बात यह है कि इसमें 2 जीबी रैम है, यह उस सबके लिए पर्याप्त से भी अधिक है जिसके लिए आप अपना स्मार्टफोन इस्तेमाल करना चाहेंगे।",hardware,mob,mob_550,software,pos
121,mob_558,con,हालांकि वन में तस्वीरे और भी खराब होती थी और यू उन्हें उतना अंडरसॅच्यूरेटेड नहीं करता।,hardware,mob,mob_558,ease_of_use,neg
122,mob_567,pos,बैटरी लाइफ बढ़िया है (लगभग पूरा दिन चलती है),hardware,mob,mob_567,software,pos
123,mob_578,pos,इसका बैक में दिया गया रियर कैमरा काफी अच्छा लग रहा है।,hardware,mob,mob_578,software,pos
124,mob_606,neu,"जैसे आप अपनी फेवरिट कॉलर के लिए अलग-अलग रंग की थीम चुन सकते है, जो फोन आने पर इसके Edge पर अलग दिखायी देगी।",software,mob,mob_606,software,pos
125,mob_639,con,"कुल मिलाकर फोन भले ही पतला हो, लेकिन जिओनी ने एक अच्छी बॉडी वाला फोन बना लिया है।",design,mob,mob_639,design,neu
126,mob_642,pos,"Moto E का ये नया वर्जन भी, पिछले फोन के मुकाबले काफी नई चीजें अपने साथ लेकर आया है।",misc,mob,mob_642,design,neu
127,mob_655,pos,"दिखने में बड़ा, पर वजन में हल्का और हाथ से आसानी से फिसलता नहीं।",design,mob,mob_655,design,neu
128,mob_658,pos,व्यूइंग एंगल जबरदस्त है।,hardware,mob,mob_658,software,pos
129,mob_688,pos,HTC One M9 को हाथ में ले कर ये तो महसूस होता है कि इसे 'फुर्सत से बनाया' गया है।,misc,mob,mob_688,design,neu
130,mob_690,pos,परफॉर्मंस रेशो के लिए उत्कृष्ट कीमत है।,price,mob,mob_690,software,pos
131,mob_692,pos,मजबूत बनावट है।,design,mob,mob_692,software,pos
132,mob_693,pos,आकर्षक डिस्प्ले है।,hardware,mob,mob_693,software,pos
133,mob_698,pos,मोटो जी कीमत के टॅग पर पूरी तरह से खरा उतरता है।,price,mob,mob_698,software,pos
134,mob_700,pos,सबसे किफायती ऍण्ड्रॉइड स्मार्टफोनों में से एक है; जो नेक्सस 4 के जैसी विशेषताओं के साथ प्रस्तुत हुआ है।,price,mob,mob_700,software,pos
135,mob_701,pos,जो अपने अनुमानित मूल्य निर्धारण और तगड़ी विशेषताओं के लिए सबका ध्यान आकर्षित कर रहा था।,price,mob,mob_701,design,neu
136,mob_705,neg,डिस्प्ले ग्लास स्मार्टफोन की अगली बाजू को पूरी तरह से ढंकता है जिससे धब्बो और उंगलियों के निशानों की संभावना बढ़ जाती है।,hardware,mob,mob_705,software,pos
137,mob_706,pos,"मोटो जी के बैक पर हल्का सा उभार है जो उसे अच्छा घूमाव प्रदान करता है, जिससे वह हाथ में अच्छे से बैठता है।",design,mob,mob_706,software,pos
138,mob_727,pos,"इसी कीमत में अन्य स्मार्टफोन भी है जो ऐसे ही या इससे भी बढ़कर विशेषताएं प्रदान कर रहे हैं, लेकिन अगर ईमानदारी से कहा जाए तो मोटो जी सच में “नो-नॉनसेंस” बजट ऍण्ड्रॉइड स्मार्टफोन है।",misc,mob,mob_727,design,neu
139,mob_741,pos,कुल मिलाकर इसके यूजर इंटरफ़ेस का अनुभव बहुत शानदार और सहज है।,software,mob,mob_741,software,pos
140,mob_750,pos,सोनी एक्सपीरिया ज़ेड वन कॉम्पैक्ट की अन्य छोटे उपकरणों से तुलना करने पर यह निर्विवाद रूप से सबसे बेहतर साबित होता है।,misc,mob,mob_750,software,pos
141,mob_752,pos,अच्छा प्रदर्शन है।,software,mob,mob_752,software,pos
142,mob_770,pos,"टोनिनी लेम्बोर्गिनी 88 टौरी आसानी से आप के लिए देढ़ दिन तक चलेगी, जो किसी भी स्मार्टफोन के लिए अच्छा है।",hardware,mob,mob_770,software,pos
143,mob_773,neg,इन दिनों महज अच्छे शॉट्स लेना पर्याप्त नहीं है।,misc,mob,mob_773,software,pos
144,mob_775,neu,बाकी यह सब कुछ वही देता हैं जो अन्य प्रमुख फोन (जो कि इस फोन की एक-चौथाई से भी कम कीमत वाले हैं) प्रदान करते है।,price,mob,mob_775,design,neu
145,mob_777,con,फोन का ऑपरेटिंग शानदार है लेकिन स्‍पेसिफिकेशन में थोड़ा पीछे हो जाता है।,software,mob,mob_777,software,pos
146,mob_779,neu,फोन की बॉडी मैट फिनिश प्लास्टिक की है।,design,mob,mob_779,design,neu
147,mob_783,pos,फोन में एक साफ सुथरा और अच्छा ऑपरेटिंग देखने को मिलता है।,software,mob,mob_783,software,pos
148,mob_807,pos,वहीं परफॉर्मेंस भी अच्छा है।,misc,mob,mob_807,software,pos
149,mob_827,pos,जहां तक फोन के लुक की बात है तो देखने में शानदार है।,design,mob,mob_827,software,pos
150,mob_829,neg,डिजाइन में कमी की बात करें तो बहुत जल्दी उंग्लियों के निशान आ रहे थे और फोन बहुत जल्दी गंदा हो जा रहा था।,design,mob,mob_829,design,neu
151,mob_838,neg,ब्लूम ग्लोब 4.0 लाइट की म्यूजिक क्वालिटी अच्छी है परंतु हमे शिकायत लाउडस्पीकर के प्लेसमेंट से है।,software,mob,mob_838,software,pos
152,mob_844,pos,पर फीचर फोन के हिसाब से यह काफी अच्छा फ़ोन है।,misc,mob,mob_844,software,pos
153,mob_846,neg,"इस फ़ोन का डिस्प्ले ठीक ठाक ही है पर कोनो से देखने पर ठीक नज़र नहीं आता,यह आपका वीडियो देखने का मज़ा किरकिरा कर सकता है।",hardware,mob,mob_846,software,pos
154,mob_858,neu,"ऑल-ग्लास बॉडी वाले इस स्मार्टफोन को काले, नीले, लाल और सुनहरे रंग के विकल्प के साथ उपलब्ध कराया गया है।",design,mob,mob_858,software,pos
155,mob_908,neu,इसके साथ ही यह नया स्मार्टफ़ोन ड्यूल-सिम सपोर्ट के साथ आ रहा है।,hardware,mob,mob_908,software,pos
156,mob_909,neu,अगर कैमरा की बात करें तो इस नए स्मार्टफ़ोन में 5MP LED फ़्लैश के साथ रियर और 2MP का फ्रंट फेसिंग कैमरा है।,hardware,mob,mob_909,software,pos
157,mob_930,con,"जबकि जी3 को एक-हाथ से संचालित करना उतना आसान नहीं है, यह अन्य डिवाइस जिनका स्क्रीन छोटा है कि तुलना में बहुत बेहतर कार्य करता है।",ease_of_use,mob,mob_930,software,pos
158,mob_943,pos,"आप एक विशिष्ट नॉक पैटर्न निर्धारित कर सकते है, जो आपको फोन को अनलॉक करेगा।",software,mob,mob_943,software,pos
159,mob_951,pos,वर्तमान समय में जी3 कैमरा निश्चित रूप से सर्वश्रेष्ठ है।,hardware,mob,mob_951,software,pos
160,mob_960,con,"लगभग रूपये 44,000 की कीमत पर यह फोन बहुत अधिक लोकप्रिय हुआ होता, परन्तु इसके बावजूद यदि आपके पास एक फ्लैगशिप स्मार्टफोन के लिए बजट है तो यह पहली अनुशंसा होगी।",price,mob,mob_960,software,pos
161,mob_964,neg,चमकीला फिनिश इसे बहुत फिसलने वाला बनाता है।,design,mob,mob_964,design,neu
162,mob_966,pos,एक बहुत ही खास और महत्वपूर्ण अपडेट्स इसके स्पीकर्स हैं जो अब डिस्प्ले के नीचे और ऊपर हैं और पहले से अधिक तेज आवाज वाले भी हैं।,hardware,mob,mob_966,software,pos
163,mob_969,pos,इसके डिस्प्ले में 720 पी का रेजोलूशन है हालांकि स्क्रीन साइज बढ़ाया गया है फिर भी इसका डिस्प्ले तेज है और जेड1 कॉम्पैक्ट के मुकाबले अधिक ब्राइट है।,hardware,mob,mob_969,software,pos
164,mob_977,neu,इसके अधिकांश यूआर्इ अपने पूर्ववर्तियों के समान हैं तथा इसकी हर चीज ठीक से काम करती है।,software,mob,mob_977,software,pos
165,mob_1273,con,"साथ ही, दो स्टीरियो लाउडस्पीकर्स बहुत ही तेज हैं  वे उतने रिफाइन्ड तो नहीं हैं जितने कि एचटीसी डिवाइसेज में लगे बूमसाउंड, लेकिन वे एक प्रभाव जरूर डालते हैं।",design,mob,mob_1273,software,pos
166,mob_1283,neg,औसत परफॉर्मंस  है।,misc,mob,mob_1283,software,pos
167,mob_1298,con,"फोन का प्रोसेसर निश्चित रूप से बाजार में सबसे तेज नहीं है, लेकिन फिर भी यह अपना काम बखूबी करता है।",hardware,mob,mob_1298,software,pos
168,mob_1328,neg,इयरफोन इन-इयर प्रकार के नहीं है और बनावट और ऑडियो क्वालिटी में सस्ते लगते हैं।,hardware,mob,mob_1328,software,pos
169,mob_1344,pos,"ज़ोलो क्यू3000 काले और सफेद रंग में उपलब्ध है और कुछ प्रिलोडेड ज़ोलो ऍप्स के साथ आया है जैसे वारंटी और सपोर्ट के लिए ज़ोलो केअर, ज़ोलो पावर जो की बैट्री प्रबंधन सॉफ्टवेअर है और ज़ोलो सिक्यूअर जो ऐंटी-थेप्ट ऍप है, जिससे आपका डिवाईस चोरी होनेपर उसका डेटा सुरक्षित रहता है।",software,mob,mob_1344,software,pos
170,mob_1352,neg,"इंटरनल स्टोरेज आगे और भी बंटता है, जो इसकी बड़ी कमज़ोरी बन जाती है।",hardware,mob,mob_1352,software,pos
171,mob_1357,pos,"कंपनी ने उसमें मेट फिनिश बॅक कवर दिया है, जो की बढ़िया लगता है, खासकर सफेद रंग में और बैक कवर निकाला जा सकता है।",design,mob,mob_1357,design,neu
172,mob_1359,con,"इसके अलावा, आगे ड्रैगनट्रेल ग्लास प्रोटेक्शन दिया है, वैसा ही जैसा आपने जिओमी रेडमी 1एस में देखा होगा, यह कांच व्यावहारिक तौर पर खरोंचों से मुक्त है लेकिन गोरिला ग्लास 3 प्रोटेक्शन में जो प्रिमिअम फील है उसकी इसमें कमी है।",misc,mob,mob_1359,misc,pos
173,mob_1364,neu,वी5 का 720 पिक्सल एचडी डिस्प्ले संतोषजनक है।,hardware,mob,mob_1364,design,neu
174,mob_1375,pos,"साथ ही, ज़ेडटीइ वी5 की बैट्री काफी प्रभावशाली है, मैंने आसानी से डिवाईस को पूरे दिन इस्तेमाल किया।",hardware,mob,mob_1375,software,pos
175,mob_1393,pos,"यह निश्चित तौर पर कार्बन का अबतक का सबसे अच्छा दिखनेवाला स्मार्टफोन है, टाइटेनियम ओक्टेन प्लस यह प्लास्टिक ढाँचे के बावजूद कुल मिलाकर मजबूत बनावटवाला स्मार्टफोन है।",design,mob,mob_1393,software,pos
176,mob_1401,neg,हम इस डिवाईस के प्रदर्शन से पूरी तरह संतुष्ट नहीं थे और डिवाईस में कुछ लॅग्ज भी दिखें।,misc,mob,mob_1401,misc,pos
177,mob_1404,neu,"कुल मिलाकर, प्रदर्शन औसतन रहा, जबकि हम इस डिवाईस से काफी उम्मीद रखते थे।",misc,mob,mob_1404,place,neg
178,mob_1413,pos,"कुल मिलाकर, यह एक औसतन फोन है, हालांकि कार्बन ने ढांचे की गुणवत्ता और दिखावे के मामले में बहुत ही शानदार काम किया है।",design,mob,mob_1413,design,neu
179,mob_1421,neu,"डिवाइस पकड़ने में कोई मुश्किल नहीं आती लेकिन हां, इसे पकड़ने के लिए आपको दोनों हाथों की जरूरत पड़ेगी।",ease_of_use,mob,mob_1421,software,pos
180,mob_1425,neg,स्क्रीन भी फिंगरटिप मैग्नेट पर काम करता है और इसका व्यूइंग एंगल भी कहीं से अच्छा नहीं माना जा सकता।,hardware,mob,mob_1425,software,pos
181,mob_1427,pos,जी3 की तरह एलजी का हाइली कस्टमाइज्ड यूआई जी3 स्टाइलस फैबलेट में प्रयोग किया गया है जो उपयोग में बेहद आसान है।,software,mob,mob_1427,software,pos
182,mob_1431,neg,इससे ज्यादा या अलग काम करने पर डिवाइस बहुत जल्दी गर्म हो जाता है जबकि इसी कीमत में आने वाले बाजर के कई अन्य उत्पादों में ऐसी परेशानी नहीं आती।,price,mob,mob_1431,software,pos
183,mob_1444,neg,अपने शब्दों पर हम अभी भी कायम हैं और इस तरह एलजी जी3 स्टाइलस बेहद निराशाजनक है।,misc,mob,mob_1444,software,pos
184,mob_1451,neg,परफॉरमेंस को और भी बेहतर बनाया जा सकता था।,misc,mob,mob_1451,software,pos
185,mov_29,neg,हिंदी फिल्म इंडस्ट्री के बेपरवाह रवैए की ओर भी यह फिल्म इंगित करती है।,misc,mov,mov_29,misc,pos
186,mov_45,neg,अभिनेत्री और सहयोगी कलाकारों के लिए न तो पर्याप्त संवाद थे और न दृश्य।,misc,mov,mov_45,performance,neg
187,mov_64,pos,आर माधवन ने मनु के स्वभाव और स्वर को सही पकड़ा है।,misc,mov,mov_64,software,pos
188,mov_65,neu,मुश्किल और जटिल दृश्यों में भी वे अपने किरदार को एक्सरप्रेशन की आजादी नहीं देते।,performance,mov,mov_65,software,pos
189,mov_66,pos,सब कुछ ऐसा नपा-तुला और संयमित है कि मनोज शर्मा वास्तविक से लगने लगते हैं।,misc,mov,mov_66,hardware,pos
190,mov_73,pos,राज शेखर और कृष्णों की जोड़ी एक बार फिर निराले अंदाज में फिल्म की जरूरतें पूरी करती है।,misc,mov,mov_73,software,pos
191,mov_121,pos,बाद में बॉक्स ऑफिस पर अच्छा प्रदर्शन करने के लिए इसे सुरक्षित सांचे में ढ़ालने की कोशिश की गई है।,misc,mov,mov_121,software,pos
192,mov_142,pos,ये बाकी सभी एवेंजर्स से मजबूत भी बताया गया है।,misc,mov,mov_142,software,pos
193,mov_162,neu,"इधर कुछ उनसे बिछुड़े और कुछ अलग हो गए, बड़े बेटे ईशान को आकस्मिक तरीके से खोने के बाद वह खुद के अंतस में उतरीं।",misc,mov,mov_162,misc,pos
194,mov_173,neu,भरपूर इमोशनल थ्रिल है इसमें।,misc,mov,mov_173,software,pos
195,mov_174,neu,शोनाली बोस को कल्कि कोइचलिन का पूरा सहयोग मिला है।,misc,mov,mov_174,software,pos
196,mov_177,pos,कल्कि ने इस किरदार को आंतरिक रूप से पर्दे पर जीवंत किया है।,performance,mov,mov_177,design,neu
197,mov_179,neu,उन्हें सयानी गुप्ता और रेवती का बराबर साथ मिला है।,misc,mov,mov_179,hardware,pos
198,mov_193,neg,"वे अपनी फिल्में 3डी कैमरे से शूट भी करते हैं, लेकिन इस तकनीकी कुशलता के बावजूद उनकी 'मिस्टर एक्स' में कथ्य और निर्वाह की कोई नवीनता नहीं दिखती।",misc,mov,mov_193,misc,pos
199,mov_200,neg,फिल्म में उनका किरदार ढंग से लिखा भी नहीं गया है।,performance,mov,mov_200,place,neg
200,mov_202,neg,अरूणोदय सिंह अपनी मौजूदगी से प्रभावित नहीं काते।,misc,mov,mov_202,design,neu
201,mov_204,pos,तिवारी की छोटी भूमिका में आया कलाकार अपनी बेवकूफियों में अच्छा लगता है।,misc,mov,mov_204,software,pos
202,mov_215,neu,मगर इस मराठी-हिन्दी-गुजराती और अंग्रेजी फिल्म में यही बात एक अलग ढंग से सामने आती है।,misc,mov,mov_215,software,pos
203,mov_223,pos,बाकी कलाकारों ने भी अच्छा सहयोग किया है।,performance,mov,mov_223,software,pos
204,mov_231,pos,इसलिए यह फिल्म एक बेहतरीन हॉरर फिल्म है।,misc,mov,mov_231,software,pos
205,mov_245,neu,यह फिल्म नए मैक्सिको की पृष्ठभूमि पर आधारित है।,story,mov,mov_245,software,pos
206,mov_265,pos,फिल्म का अंत सरप्राइज करते हुए प्रभावी बन पड़ा है।,misc,mov,mov_265,software,pos
207,mov_268,neu,यहां भी धर्म और धार्मिकता के पहलू को एक अलग नजरिए से उठाया गया है।,misc,mov,mov_268,software,pos
208,mov_295,neu,दिबाकर को वास्तविक लोकेशन के साथ सेट की भी सुविधा रही है।,misc,mov,mov_295,hardware,pos
209,mov_299,neg,हल्का भटकाव नजर आता है।,misc,mov,mov_299,design,neu
210,mov_305,pos,अजीत की भूमिका में आनंद तिवारी सहज हैं।,performance,mov,mov_305,software,pos
211,mov_332,neu,इसमें दिवंगत पॉल वॉकर को गुड बाय भी शामिल है।,misc,mov,mov_332,misc,pos
212,mov_346,neu,हाई स्कूल के दिनों में किशोर अपनी खास पहचान और स्टाइल के लिए अलग-अलग तरीके से बाल कटवाते हैं।,misc,mov,mov_346,software,pos
213,mov_370,pos,मामा और मां के किरदार में रवि झांकल और दीप्ति नवल उपयुक्त है।,performance,mov,mov_370,software,pos
214,mov_373,pos,उन्होंने लेखक-निर्देशक से मिले मौके का भरपूर इस्तेमाल किया है।,performance,mov,mov_373,software,pos
215,mov_379,neg,इस फिल्म में बकवास दृश्यों को एक-दूसरे के साथ अजीबोगरीब तरीके से पिरो दिया गया है।,misc,mov,mov_379,design,neu
216,mov_387,neg,लेकिन उनकी मेहनत इस घटिया फिल्म में खो जाती है।,misc,mov,mov_387,ease_of_use,neg
217,mov_400,pos,साथ ही फिल्म में बेहद मनोरंजक तरीके से हास्य का तानाबाना भी बुना गया है।,misc,mov,mov_400,hardware,pos
218,mov_415,neu,उनकी मेहनत जाहिर है।,misc,mov,mov_415,design,neu
219,mov_418,pos,वरुण की मेहनत और नवाज की फितरत से 'बदलापुर' रोचक और रोमांचक हुई है।,misc,mov,mov_418,misc,pos
220,mov_427,pos,कुमुद मिश्रा की सहजता और स्वाभाविकता उल्लेखनीय है।,misc,mov,mov_427,performance,neg
221,mov_439,pos,उन्होंने नाच-गाने में भरपूर ऊर्जा दिखाई है।,music,mov,mov_439,software,pos
222,mov_447,neg,दोनों एक समय के बाद नीरस और अप्रभावी हो जाते हैं।,misc,mov,mov_447,misc,pos
223,mov_450,neg,कुछ नया करने और दिखाने के चक्कर में फिल्म फिसल गई है।,misc,mov,mov_450,software,pos
224,mov_478,neg,"बोलचाल, पहनावे और उपयोगी वस्तुओं के उपयोग में सावधानी नहीं बरती गई है।",misc,mov,mov_478,software,pos
225,mov_505,neu,'अब तक छप्पन 2' में सिर्फ नाना ही नहीं बाकी सारे अभिनेता भी नाना जमाने की एक्टिंग कर रहे हैं।,performance,mov,mov_505,place,neg
226,mov_514,neg,इस पृष्ठभूमि में आई 'अब तक छप्पन 2' अप्रासंगिक और बचकाना प्रयास लगती है।,misc,mov,mov_514,misc,pos
227,mov_516,neg,दोनों का ढीलापन दो घंटे से छोटी फिल्म में भी ऊब पैदा करता है।,misc,mov,mov_516,software,pos
229,mov_519,neu,अगर पटकथा और चुस्त रहती तो यह फिल्म 'किसने की होगी हत्या' जोनर की सफल फिल्म होती।,story,mov,mov_519,performance,neg
230,mov_530,neg,प्रस्तुति और स्वभाव में भट्ट कैंप की यह फिल्म उनकी पिछली फिल्मों से कमजोर है।,misc,mov,mov_530,software,pos
231,mov_532,neg,"सस्पेंस, मर्डर, हॉरर, भूत-प्रेत, सेक्स, रोमांस और प्रेम जैसे सभी तत्वों के होने के बावजूद यह फिल्म प्रभावित नहीं करती।",misc,mov,mov_532,design,neu
232,mov_537,pos,'खामोशियां' का लोकेशन सुंदर है।,misc,mov,mov_537,software,pos
233,mov_539,pos,फिल्म में गीतों के फिल्मांकन पर पूरा ध्यान दिया गया है।,music,mov,mov_539,software,pos
234,mov_549,neu,कलाकारों में अली फजल अपनी सीमाओं में कबीर को निभाते हैं।,performance,mov,mov_549,performance,neg
235,mov_560,pos,"निर्देशक ने दृश्यों का अपेक्षित गति दी है, जिससे उत्सुकता बनी रहती है।",performance,mov,mov_560,software,pos
236,mov_589,pos,अतिरकों से बचती हुई यह पूरी ईमानदारी से एक्शन और ड्रामा के साथ थ्रिल पैदा करती है।,performance,mov,mov_589,software,pos
237,mov_606,con,"उनका जोर हंसाने पर रहा है, इसलिए कई बार वह जबरन प्रतीत होता है।",misc,mov,mov_606,design,neu
238,mov_608,pos,दादी की भूमिका निभा रही प्रौढ़ अभिनेत्री याद रह जाती हैं।,performance,mov,mov_608,performance,neg
239,mov_613,neu,कलाकारों की संवाद अदायगी में उच्चारण की स्पष्टता गौरतलब है।,performance,mov,mov_613,performance,neg
240,mov_615,pos,फिर भी निर्देशक अमित रवींद्रनाथ शर्मा की प्रस्तुति रोचक है।,performance,mov,mov_615,hardware,pos
241,mov_618,pos,अमित इस निर्देश और जिम्मेदारी को बखूबी निभाते हैं।,performance,mov,mov_618,price,pos
242,mov_636,pos,महेन्द्र मेवाती भी छोटी भूमिका में असरदार हैं।,performance,mov,mov_636,design,neu
243,mov_654,pos,"राहुल भट्ट, तेजस्विनी कोल्हापुरी और रोनित रॉय ने प्रमुख किरदारों के तनाव और उलझन को समुचित मात्रा में आत्मसात और प्रस्तुत किया है।",performance,mov,mov_654,software,pos
244,mov_658,pos,गिरीश कुलकर्णी अपनी निर्दोष सादगी से इंस्पेकटर जाधव को असली रंग देते हैं।,misc,mov,mov_658,misc,pos
245,mov_659,pos,'पीके' आज के समय की जरूरी फिल्म है।,misc,mov,mov_659,software,pos
246,mov_663,neu,"'पीके' एक धर्महीन समाज की वकालत करती है,लेकिन वह ईश्वर की अदृश्य सत्ता से इंकार नहीं करती।",misc,mov,mov_663,misc,pos
247,mov_700,neu,उम्र बढऩे के साथ लोकप्रियता और कामयाबी बरकरार रखने के लिए अजय देवगन ने अपनी सोच-समझ को ताक पर रख दिया है।,misc,mov,mov_700,software,pos
248,mov_718,neu,मौलिक और इनोवेटिव कहानियों की कंगाली के मौजूदा दौर में 'जेड प्लस' फिल्मकारों और दर्शक दोनों के लिए उम्मीद और प्रेरणा की किरण है।,story,mov,mov_718,software,pos
249,mov_722,neg,सुखविंदर सिंह और नायब का संगीत मौजूदा कालखंड के मिजाज को छूने में नाकाम रही है।,music,mov,mov_722,hardware,pos
250,mov_733,neu,हिंदी फिल्में अपने मसाले और फॉर्मूले के लिए मशहूर हैं।,misc,mov,mov_733,software,pos
251,mov_738,neu,"संबंध भेद, विच्छेद और संवेद की यह फिल्म स्त्री-पुरुष रिश्तों में कथित आधुनिकता से आए असमंजस की कहानी लेकर चलती यह फिल्म हिंदी फिल्मों के घिसे-पिटे दृश्यों का ऊपरी तौर पर मजाक उड़ाती है, लेकिन वैसे ही दृश्यों में रमती है।",misc,mov,mov_738,design,neu
252,mov_747,neu,फिल्म का मजेदार पक्ष है अंग्रेजी में उपन्यास लिख रहे और विदेश में बसे भारतीय लेखकों का हिंदी बोलना।,misc,mov,mov_747,hardware,pos
253,mov_748,neu,"हम सभी जानते और शिकायत करते हैं कि हिंदी फिल्मों के कलाकार और तकनीशियन भले ही हिंदी में फिल्में बनाते हों, लेकिन उनके संपर्क और व्यवहार की भाषा अंग्रेजी है।",misc,mov,mov_748,hardware,pos
254,mov_778,neg,गीत-संगीत प्रभावशाली नहीं है।,music,mov,mov_778,software,pos
255,mov_794,neu,इससे कथ्य और अभिव्यक्ति में व्यवधान आता है।,misc,mov,mov_794,misc,pos
256,mov_804,pos,अनुपम खेर ने जानदार परफॉर्मेंस दी है।,performance,mov,mov_804,software,pos
257,mov_805,pos,पुरुषोत्तम जोशी के अवतार में बेबस मगर अपने सिद्धांतों पर अडिग रहने वाले शख्स की भूमिका को उन्होंने जीवंत बना दिया है।,performance,mov,mov_805,performance,neg
258,mov_815,neu,विशाल भारद्वाज 'हैदर' में भी सरल नहीं हैं।,misc,mov,mov_815,software,pos
259,mov_816,neu,उन्होंने शेक्सपियर के 'हैमलेट' से प्रेरित 'हैदर' को और परतदार एवं जटिल बना दिया है।,misc,mov,mov_816,performance,neg
260,mov_820,pos,शाहिद कपूर ने हैदर के बाहरी रूप को अच्छी तरह अंगीकार किया है।,misc,mov,mov_820,design,neu
261,mov_822,neg,श्रद्धा कपूर अदायगी और संवाद अदायगी दोनों में विफल रही हैं।,performance,mov,mov_822,price,pos
262,mov_833,neg,आनंद कुमार की फिल्म 'देसी कट्टे' में अनेक विषयों को एक ही कहानी में पिरोने की असफल कोशिश की गई है।,story,mov,mov_833,price,pos
263,mov_840,neg,अफसोस की बात है कि मिले अवसर का सही उपयोग न होने पर भविष्य की अनेक संभावनाओं का दम घुट जाता है।,misc,mov,mov_840,software,pos
264,mov_885,pos,उन्हें उम्दा कलाकारों से भरपूर सहयोग मिला है।,performance,mov,mov_885,software,pos
265,sma_28,neu,एप्‍पल ने इस डिवाइस में अपनी 'सीरी टेक्‍नोलॉजी' को मुख्‍यता से यूज किया है क्‍योंकि आप इस डिवाइस में टाइप नहीं कर सकते हैं।,misc,sma,sma_28,misc,pos
266,sma_167,neu,"दूसरी है $549 (34,400 रुपये) और $1,099 (68,800 रुपये) के बीच में Apple Watch।",price,sma,sma_167,price,pos
267,sma_172,neu,मोटोराला की इस एंड्रायड बेस्‍ड स्‍मार्टवॉच में TI OMAP 3 प्रोसेसर लगा हुआ है।,misc,sma,sma_172,misc,pos
268,sma_183,pos,सैमसंग ने अपनी इस डिवाइस Gear S का डिजाइन बहुत ही सुविधाजनक तरीके से तैयार किया है।,design,sma,sma_183,design,neu
269,sma_189,neu,"भारतीय बाजार में इसकी 27,900 रुपये रखी गई है।",price,sma,sma_189,software,pos
270,sma_219,pos,एपल वॉच की 18 घंटे की बैटरी लाइफ आपका पूरा दिन साथ देती है।,hardware,sma,sma_219,software,pos
271,sma_235,neu,डायल पर ओएलईडी (OLED) स्क्रीन के साथ यह साधारण कलाई-घड़ी की तरह ही दिखती है।,hardware,sma,sma_235,software,pos
272,sma_239,pos,बाजार में अभी उपलब्ध सभी स्मार्टवॉच में जाहिर तौर पर यह सबसे अच्छा दिखने वाला स्मार्टवॉच है।,design,sma,sma_239,software,pos
273,sma_242,neg,ओएलईडी (OLED) स्क्रीन ऐसे भी बेहद छोटा है जबकि इसे यहां नोटिफिकेशन देखने के लिए बनाया गया है जिसमें कॉल रिसीव कराने के अलावा किसी भी नोटिफिकेशन का आअप जवाब नहीं दे सकते।,hardware,sma,sma_242,software,pos
275,sma_256,neu,एक बटन सेल इसके परंपरागत वॉच फंक्शन के लिए है जबकि दूसरा लाइ-पो (Li-Po) बैटरी स्मार्ट फंक्शन से जुड़ा है।,hardware,sma,sma_256,design,neu
276,sma_270,neg,घड़ी महंगी तो है ही साथ ही साथ बैटरी लाइफ भी काफी ख़राब है।,hardware,sma,sma_270,ease_of_use,neg
279,sma_307,neu,यह आधुनिक घड़ी हार्ट सेंसर की मदद से आपके दिल के स्वास्थ्य का भी पता लगाती है।,hardware,sma,sma_307,design,neu
280,sma_329,pos,"मशहूर डिजाइन एंटोनियो ने आईवाच 2 की नई डिजाइन तैयार की है, जिसके अनुसार नई आईवॉच 2 में 32 जीबी मैमोरी के साथ वाईफाई, ब्‍लूटूथ और फ्रंट कैमरे की सुविधा भी दी गई होगी।",software,sma,sma_329,software,pos
281,spe_3,pos,"फीचर्स की तुलना में रु. 2, 995 की कम कीमत भी आकर्षित करती है।",price,spe,spe_3,design,neu
282,spe_21,neu,पांच घंटे तक बैटरी चलने का इसका दावा भी बहुत हद तक सही लगता है।,hardware,spe,spe_21,software,pos
283,spe_28,pos,50 वॉट के एम्प्लिफायर से जबरदस्त म्यूजिक सुन सकते हैं।,hardware,spe,spe_28,software,pos
284,spe_33,neu,इसमें ब्लैक और व्हाइट कलर के कॉम्बिनेशन में आ रहे हैं।,misc,spe,spe_33,design,neu
285,tab_1,neg,"टैबलेट  में सिंगल कोर प्रोसेसर बीते जामने की बात लगता है , लेकिन दिलचस्प बात है, कि एचसीएल जैसी दिग्गज कम्पनी ने  ऐसे समय में सिंग कोर प्रोसेसर आधारित टैब्लेट बाज़ार में उतारा है , जब कि डयूअल और क्वाड कोर प्रोसेसर  वाले टैबलेट की भरमार है।",hardware,tab,tab_1,software,pos
286,tab_6,pos,"स्क्रीन का रिज़ोल्यूशन 1024 गुणा 600 है , जो काफी अच्छा है।",hardware,tab,tab_6,software,pos
287,tab_13,pos,इसमें एफएम में चल रहे पसंदीदा गानों को रिकार्ड भी कर सकते हैं और इसमें लगा स्कैनर सभी उपलब्ध एफ एम चैनलों की खुद ब खुद स्कैनिंग करता है।,software,tab,tab_13,software,pos
288,tab_14,pos,"इस टैबलेट में मौजूद एक खास किस्म के ट्रांसमीटर की मदद से आप अपनी पसंद का म्यूज़िक घर, कार यां एफएम पर ट्रांसफर कर सकते हैं।",hardware,tab,tab_14,software,pos
289,tab_19,neu,अगर आप इसे 32 जीबी तक अपग्रेड करना चाहेंगे तो दो से तीन हजार रुपये अतिरिक्त खर्च आएगा।,price,tab,tab_19,software,pos
290,tab_25,pos,इस श्रेणी के ज्यादातर टैबलेट में अब तक केवल डोंगल के सहारे  इंटरनेट की सुविधा मिलती थी और कालिंग का विकल्प भी ज्यादातर  माडल में नहीं है।,software,tab,tab_25,software,pos
291,tab_29,neg,ऐसे में इस माडल को खरीदने के साथ ही आपको कम से कम 16 जीबी का एक माइक्रोएसबी कार्ड खरीदना पड़ेगा  जिसका मतलब है 800 से 1000 रुपये का अतिरिक्त खर्च।,price,tab,tab_29,software,pos
292,tab_43,con,"खासकर व्यावहारिक प्रयोगों में बाजार के अन्य उत्पादों से कहीं बेहतर है , लेकिन एंड्रॉयड यूआई की तरह प्रयोग में आसान नहीं है।",software,tab,tab_43,software,pos
293,tab_64,pos,लेनोवो योगा 2 का बैटरी परफॉर्मेंस निश्चय ही बहुत बढ़िया है।,hardware,tab,tab_64,software,pos
294,tab_70,neu,इसके अलावे फ्रंट कैमरा भी बस वीडियो चैट के लिए ही काम आने लायक है।,hardware,tab,tab_70,software,pos
295,tab_77,neg,फ्रंट कैमरा की खराब क्वालिटी है।,hardware,tab,tab_77,ease_of_use,neg
296,tab_83,pos,लेकिन इसकी बहुत सी खूबियों को देखते हुए इस कमी को अनदेखा किया जा सकता है।,misc,tab,tab_83,software,pos
297,tab_84,pos,"अगर आप एक प्रीमियम एंड्रायड डिवाइस खरीदना चाहते हैं, तो इस टेबलेट को आप अवश्य खरीदें।",misc,tab,tab_84,software,pos
298,tab_86,neg,"इस टेबलेट की बनावट काफी प्लास्टिक फील देता है , जो अच्छा नहीं दिखाई देता।",design,tab,tab_86,design,neu
299,tab_94,neu,इसमें 2 जीबी रैम के साथ 1.4 गीगाहर्ट्ज़ एक्सीनस क्वाड कोर प्रोसेसर है।,hardware,tab,tab_94,software,pos
300,tab_106,neg,"इसमें कमी यह है , की यह मीनू अपने पसंद के एप्स को शामिल करने के लिए कस्टमाइज नहीं किया जा सकता है।",software,tab,tab_106,software,pos
301,tab_110,pos,इसमें ब्लैक लेवल काफी गहरे हैं और इसमें देखने का एंगल अब तक के सर्वोत्तम में से एक है।,hardware,tab,tab_110,hardware,pos
302,tab_125,pos,इसकी बैटरी लाइफ भी काफी अच्छी है।,hardware,tab,tab_125,software,pos
303,tab_133,pos,"एपल आईपैड 4 इस समय उपलब्ध सर्वोत्तम बड़ा टेबलेट है ,जिसे आप खरीद सकते हैं।",misc,tab,tab_133,software,pos
304,tab_143,pos,एपल आईपैड 4 का गेमिंग परफॉरमेंस भी काफी बेहतर है।,hardware,tab,tab_143,software,pos
305,tab_144,pos,बहुत भारी गेम्स भी जैसे नीड फॉर स्पीड और एस्फाल्ट 7 भी 60 फ्रेम प्रति सेकेंड के हिसाब से इस पर काफी अच्छी तरह से चलते हैं।,hardware,tab,tab_144,software,pos
306,tab_152,pos,टेबलेट के इस्तेमाल के लिए बनीं आईपैड के एप्स की लाइब्रेरी लोगों के लिए काफी उपयोगी साबित होती है।,software,tab,tab_152,software,pos
307,tab_153,pos,"कुल मिलाकर चौथी पीढ़ी का यह एपल आईपैड 4 एकमात्र ऐसा प्रोडक्ट है , जिसे हमने पूरे पांच स्टार दिए हैं, क्योंकि यह टेबलेट्स के लिए एक प्रतिमान स्थापित करता है।",misc,tab,tab_153,misc,pos
308,tab_183,pos,एक्सपीरिया टेबलेट जेड का कीबोर्ड काफी अच्छा है  और इस पर टाइप करना काफी सुविधाजनक रहता है।,hardware,tab,tab_183,software,pos
309,tab_184,pos,"इसके टचस्क्रीन का रिस्पोंस भी बहुत अच्छा है , और इसे इस्तेमाल करना बहुत मज़ेदार रहता है।",hardware,tab,tab_184,hardware,pos
310,tab_185,con,"इसके डिस्प्ले का रेजोल्यूशन आईपैड के रेटिना डिस्प्ले जितना तो नहीं है , लेकिन फिर भी यह काफी आकर्षक है।",hardware,tab,tab_185,software,pos
311,tab_198,pos,सोनी एक्सपीरिया टेबलेट जेड को बहुत आसानी से इस समय भारत में उपलब्ध सर्वोत्तम खरीदा जा सकने वाला एंड्रायड टेबलेट कहा जा सकता है।,misc,tab,tab_198,software,pos
312,tab_199,pos,"इसमें बहुत से फीचर्स के साथ खूबसूरत बनावट और डिज़ाइन, शानदार डिस्प्ले, बेहतरीन परफॉरमेंस के साथ एक अच्छा कैमरा भी है।",hardware,tab,tab_199,software,pos
313,tab_200,pos,"इसका आकार बहुत अच्छा है , और यह काफी पतला टेबलेट है।",design,tab,tab_200,software,pos
315,tab_211,pos,"इसके पीछे के हिस्से में दानेदार रबर फिनिश ना सिर्फ इसे पकड़ने में काफी अच्छा ग्रिप देता है , बल्कि इसे एक प्रीमियम फील भी देता है।",design,tab,tab_211,design,neu
316,tab_212,con,"हलांकि इसे एक हाथ से इस्तेमाल करना संभव नहीं है , लेकिन सिर्फ 340 ग्राम वज़न होने के कारण इसे आप काफी देर तक एक हाथ में पकड़ सकते है।",design,tab,tab_212,design,neu
317,tab_224,pos,होने की वज़ह से नेक्सस 7 का देखने का एंगल बहुत शानदार है।,hardware,tab,tab_224,software,pos
318,tab_226,neu,नेक्सस 7 टेबलेट में 1.3 गीगाहर्ट्ज़ एनवीडिया टेगरा 3 क्वाड कोर प्रोसेसर है।,hardware,tab,tab_226,software,pos
319,tab_230,pos,"इसमें एक बहुत उपयोगी फीचर गूगल नाउ है , जो सर्च करने में काफी सहायता पहुंचाता है।",software,tab,tab_230,software,pos
320,tab_235,pos,बेंचमार्क टेस्ट में गूगल नेक्सस 7 काफी अच्छा परफॉर्म करता है।,misc,tab,tab_235,software,pos
321,tab_241,pos,एनवीडिया टेगरा 3 प्रोसेसर इस टेबलेट के बेहतरीन ग्राफ़िक्स परफॉरमेंस को भी सुनिश्चित करता है।,hardware,tab,tab_241,software,pos
322,tab_243,con,"सामान्य वॉल्यूम पर नेक्सस 7 की आवाज़ अच्छी है , लेकिन अधिक वॉल्यूम पर इसकी आवाज़ फटने लगती है।",hardware,tab,tab_243,software,pos
323,tab_262,pos,इसका लम्बा इस्तेमाल उपकरण को गर्म नहीं होने देता जो ज्यादा देर के लिए ब्राउज़िंग और गेम्स के इस्तेमाल को एक आराम दायक अनुभव बनाता है।,design,tab,tab_262,design,neu
324,tab_263,neu,यदपि गेम्स के लिए बहुत ज्यादा इस्तेमाल इसकी बैटरी को अन्य एंड्राइड उपकरणों की तरह ही प्रभावित करेगा |,hardware,tab,tab_263,software,pos
325,tab_272,pos,डिजिफलीप प्रो टेबलेट् अपने वर्ग में सर्वोत्तम है।,misc,tab,tab_272,software,pos
326,tab_286,pos,"ये प्रोसेसर ज्यादा उर्जा भी इस्तेमाल नहीं करता है , जो इसे गुणवत्ता और मनोरंजन के लिए उपयुक्त बनाता है।",hardware,tab,tab_286,software,pos
327,tab_301,pos,पीछे का हिस्सा मेटल का होने के कारण यह टेबलेट बहुत अच्छा फील देता है।,design,tab,tab_301,software,pos
328,tab_302,neu,जिंक क्वाड 8 के पीछे के हिस्से में ही बिना फ़्लैश का रियर कैमरा भी है।,hardware,tab,tab_302,software,pos
329,tab_307,pos,वास्तविक इस्तेमाल में जिंक क्वाड 8 का टचस्क्रीन बहुत अच्छा रिस्पोंस देता है।,hardware,tab,tab_307,hardware,pos
330,tab_329,pos,"जैसा कि एपल ने बार-बार स्टेज पर बताया कि इसके पास आईपैड के लिए खास तौर पर डिज़ाइन किये गए 275,000 एप्स हैं, जो एंड्रायड टेबलेट एप्स को बहुत पीछे छोड़ छोड़ देते हैं।",software,tab,tab_329,software,pos
331,tab_338,neg,"लेकिन इससे इनकार नहीं किया जा सकता कि अतिरिक्त मोटाई इसके स्वरूप में काफी अंतर पैदा कर देती है , जो आईपैड मिनी के पक्ष में नहीं है।",design,tab,tab_338,software,pos
332,tab_359,pos,अपनी कीमत की वजह से यह टेबलेट बड़ी उंचाइयां छूने वाला है  और कुछ नया तो जरुर करने वाला है।,price,tab,tab_359,software,pos
333,tab_367,pos,डिजिफलीप प्रो XT701 का डिजाइन उच्च कोटि का है।,design,tab,tab_367,software,pos
334,tab_395,pos,"हमने एचपी स्लेटबुक एक्स2 में टेगरा 4 चिपसेट होने के कारण बहुत अच्छे परफॉरमेंस की उम्मीद की थी, और हमें ख़ुशी है  कि यह हमारी उम्मीदों पर बिल्कुल खरा साबित हुआ।",hardware,tab,tab_395,software,pos
335,tab_406,pos,टचस्क्रीन डिस्प्ले में 1280x800 रिजॉल्यूशन के साथ एक आइपीएस पैनल है  और इसकी क्वालिटी भी अच्छी है।,hardware,tab,tab_406,design,neu
337,tab_424,neu,आसुस फोनपैड सैमसंग गैलेक्सी टैब 2 का सीधा प्रतियोगी टेबलेट है।,misc,tab,tab_424,software,pos
338,tab_442,con,"हलांकि बेंचमार्क टेस्ट में आसुस फोनपैड का स्कोर इसके दूसरे प्रतिद्वंदियों की तुलना में बेहतर नहीं रहता है , लेकिन इसका मतलब यह नहीं है  कि इस टेबलेट का परफॉरमेंस ख़राब है।",hardware,tab,tab_442,software,pos
339,tab_449,neg,आसुस फोनपैड के कैमरे का परफॉरमेंस काफी निराशाजनक है।,hardware,tab,tab_449,software,pos
340,tab_452,pos,"बैटरी लाइफ की बात करें तो हमारे लगातार वीडियो प्लेबैक टेस्ट में पूरे ब्राइटनेस लेवल और आवाज़ पर आसुस फोनपैड की बैटरी 10 घंटे तक चलती है , जो कि एक काफी शानदार बैटरी परफॉरमेंस है  बै।",hardware,tab,tab_452,software,pos
341,tab_464,pos,"इस टेबलेट का इंटरफ़ेस भी काफी स्मूद और रिस्पोंसिव है   वेब ब्राउज़िंग करना, गेम्स खेलना आदि इस पर बहुत अच्छा अनुभव रहता है।",software,tab,tab_464,software,pos
342,tab_483,neg,"यह डिवाइस 16 जीबी और 32 जीबी स्टोरेज के वर्ज़न में उपलब्ध है , लेकिन इसमें इसके स्टोरेज को बढ़ाने का कोई विकल्प नहीं है।",hardware,tab,tab_483,software,pos
343,tab_491,pos,"बताने की आवश्यकता नहीं है , कि नेक्सस 7 का स्टॉक एंड्रायड 4.3 ऑपरेटिंग सिस्टम, दूसरे टेबलेट्स के एंड्रायड 4.2 ओएस से काफी बेहतर है।",software,tab,tab_491,software,pos
344,tab_507,neu,"कुछ मामलों में यह नेक्सस 7 से बेहतर परफॉर्म करता है  और कुछ मामलों में यह गैलेक्सी नोट 510 से भी बेहतर परफॉरमेंस देता है , लेकिन कुल मिलाकर इसका परफॉरमेंस मध्यम स्तर का है।",misc,tab,tab_507,software,pos
345,tab_522,neg,"इसमें कमी यह है  कि इसका स्किन हर किसी को पसंद नहीं आ सकता है , इसका कैमरा साधारण है  और यह एंड्रायड 4.1 जेली बीन ऑपरेटिंग सिस्टम पर काम करता है।",software,tab,tab_522,software,pos
346,tab_532,pos,"सैमसंग गैलेक्सी टैब 2 की मोटाई 10.5 एमएम है , और यह वास्तव में काफी पतला है।",design,tab,tab_532,design,neu
347,tab_549,pos,लगभग सभी बेंचमार्क टेस्ट में इसका स्कोर अन्य टेबलेट्स की तुलना में बेहतर रहता है।,hardware,tab,tab_549,software,pos
348,tab_581,con,"इस टेबलेट के डिस्प्ले का देखने का एंगल अधिक ब्राइटनेस पर तो ठीक रहता है , लेकिन कम ब्राइटनेस लेवल पर यह अच्छा नहीं रहता।",hardware,tab,tab_581,software,pos
349,tab_590,pos,"आईपैड 2 अपने पहले के आईपैड की तुलना में थोड़ा पतला और हल्का है , लेकिन इसमें वही डिस्प्ले और रेजोल्यूशन है।",hardware,tab,tab_590,design,neu
350,tab_600,pos,"इसके स्पीकर की आवाज़ पहले से ज्यादा तेज़ है ,  इसकी बैटरी लाइफ काफी अच्छी है , और यह लगभग पहले के आईपैड के बराबर है।",hardware,tab,tab_600,hardware,pos
351,tab_602,neu,हार्डवेयर में परवर्तन और थोड़े बहुत इसके लुक में परिवर्तन के अलावा इसमें कोई खास बदलाव नहीं किये गए है।,hardware,tab,tab_602,software,pos
352,tab_619,neu,"टैब में 1.2 गीगाहर्ट क्‍वॉड कोर प्रोसेसर और 64 जीबी एक्‍पेंडेबल मैमोरी ऑप्‍शन दिया गया है , फोटो कैपचरिंग के लिए 5 मेगापपिक्‍सल कैमरा और 3जी सपोर्ट मौजूद हैं।",hardware,tab,tab_619,software,pos
353,tab_641,neu,बेहतर परफोर्मेश के लिए इसमें 2.2 गीगाहर्त्ज क्वॉडकोर प्रोसेसर तथा 2जीबी रैम दिए गए हैं।,hardware,tab,tab_641,software,pos
354,tab_662,neu,यह सैमसंग गैलेक्सी टैब एस10.5 पर आधारित है।,software,tab,tab_662,software,pos
355,tab_695,neu,इसमें फनबुक (Funbook) के 4 जीबी के मुकाबले 8 जीबी का बड़ा आंतरिक स्टोरेज है।,hardware,tab,tab_695,design,neu
357,tab_725,pos,इसके अलावा इस टैबलेट (tablet) पर गेम्स (games) खेलना और मूवी देखना काफी आनंददायक है।,software,tab,tab_725,software,pos
358,tab_740,neg,"जैसा कि मैंने पहले कहा था, प्रोसेसर गेम खेलने तथा विडियो को पूरी तरह से सहज चलाने के काबिल नहीं है।",hardware,tab,tab_740,software,pos
359,tab_744,neg,"वॉल्यूम आउटपुट थोड़ा धीमा है , और फ्रंट पेनल में स्पीकर न होने के कारण आवाज और म्युजिक का सुनना थोड़ा मुश्किल है।",hardware,tab,tab_744,software,pos
360,tab_757,con,"इसके नकारात्मक पक्ष जैसे कि गर्म होने की समस्या, रिफेलेक्टिव स्क्रीन, धीमा साउंड आउटपुट तथा ब्लुटूथ का अभाव निश्चित रूप से परेशान करते है  लेकिन इसकी बड़े डिसप्ले, तेज प्रोसेसर, नवीनतम ऑपरेटिंग सिस्टम जैसी खूबियों के आगे यह कोई मायने नहीं रखता है।",hardware,tab,tab_757,software,pos
361,tab_759,pos,बेहतरीन बैटरी लाइफ है।,hardware,tab,tab_759,software,pos
362,tab_760,pos,परफार्मेंस के लिहाज से बेहतरीन कीमत है।,price,tab,tab_760,software,pos
363,tab_765,neu,टैबलेट का रंग सफेद है   काले रंग के सामने वाले हिस्से में एक किनारे से दूसरे किनारे तक ग्लास लगा है।,design,tab,tab_765,software,pos
364,tab_770,neu,"टैबलेट में एंड्रॉयड 4.0.3 आइसक्रीम सैंडविच ऑपरेटिंग सिस्टम (Android 4.0.3 Ice cream sandwich operating system) लगा है  जबकि यूजर इंटरफेस की ट्वीकिंग बहुत कम की गई है  जबकि कार्बन (Karbonn) ने कुछ अपने एप्स जैसे कार्बन ब्राउजर तथा कार्बन गेम्स (Karbonn browser and Karbonn Games) (इविवो संचालित) डाल रखे हैं जो कि अच्छी तरह डिजाइन किये गए है  तथा गेम जिन्हें आप मुफ्त में डाउनलोड कर सकते हैं, के संदर्भ में अच्छे विकल्प उपलब्ध कराते है।",design,tab,tab_770,software,pos
365,tab_780,neu,टैबलेट में 1.2 गीगाहर्टज का एक्सर्वस्ट प्रोसेसर (GHz xburst processor) लगा है  जो कि परफार्मेंस के मामले में बहुत ज्यादा तेज अनुभव तो नहीं देता है  पर ठीक काम करता है।,hardware,tab,tab_780,software,pos
366,tab_786,neu,हालांकि यह लगभग सभी लोकप्रिय एप्लीकेशनों को सपोर्ट करता है  तथा लगभग सभी यूजरों के लिए यह एक मुद्दा नहीं होगा।,software,tab,tab_786,software,pos
367,tab_787,pos,टैबलेट का स्पीकर काफी तेज है  तथा काफी हद तक स्पष्ट है  जिसका मतलब है  कि यह पूरी तरह स्पष्ट नहीं है  पर यह हर तरह से अच्छा है।,hardware,tab,tab_787,design,neu
368,tab_790,neg,"फोटोग्राफी ऐसी नहीं है , जो आपको बहुत उपयोगी लगे।",hardware,tab,tab_790,software,pos
369,tab_792,neu,कैमरे में सीमित सेटिंग्स दी गई हैं जैसे समयांतराल सेटिंग (आप शटर बटन दबाने के बाद क्लिक को विलंबित कर सकते हैं) तथा ह्वाइट बैलेन्स में दो विकल्प दिए हैं।,hardware,tab,tab_792,hardware,pos
370,tab_793,pos,3700 mAH की बैटरी अच्छा बैक-अप देती है  तथा वाईफाई नेटवर्क पर बेव सर्फिंग के लिए दावा किए गए 7 घंटों पर खरी उतरती है।,hardware,tab,tab_793,hardware,pos
371,tab_808,neu,"इस टैबलेट के अन्य फीचर हैं 7 इंच का केपेसिटिव मल्टीटच स्क्रीन, माली 400 (Mali 400) ग्राफिक प्रोसेसर और 512 MB DDR3 RAM के साथ 1.5GHz प्रोसेसर, 8GB इंटरनल मेमोरी जिसे 32GB तक बढ़ाया जा सकता है।",hardware,tab,tab_808,hardware,pos
372,tab_816,neu,"सिम स्लॉट नीचे की ओर है  जबकि बाकी पोर्ट्स जिनमें चार्जिंग स्लॉट, माइक, मिनी यूएसबी, माइक्रो SD स्लॉट, HDMI पोर्ट और 3.5mm जैक टैबलेट के बायें कोने में हैं।",hardware,tab,tab_816,software,pos
373,tab_829,pos,लेकिन चूंकि तभी दिल्ली में बारिश शुरू हो जाने से मौसम ठंडा हो गया तो ऐसा लगा कि टैबलेट भी आराम से चलने लगी।,misc,tab,tab_829,hardware,pos
374,tab_842,neu,3जी (3G) के लगातार इस्तेमाल पर बैटरी लाइफ तीन से चार घंटे में ही चुक जाती है।,hardware,tab,tab_842,software,pos
375,tab_844,con,"स्पेसिफिकेशन, परफॉर्मेंस और कीमत सभी टैबलेट के पक्ष में जाते हैं, लेकिन गरम होने की समस्या इस टैबलेट की पूरे लाभ पर पानी फेर देती है।",price,tab,tab_844,software,pos
376,tab_849,neg,ज्यादातर एप्पस काम के  नहीं  हैं।,software,tab,tab_849,software,pos
377,tab_850,neu,"इसी तरह मिलाग्रो की ओर से एक अन्य टैबलेट टैबटॉप 7.4 सामने आयाजा जिसके बारे में कंपनी का दावा है , कि यह सबसे स्लिम और पावरफुल टैबलेट है।",design,tab,tab_850,software,pos
378,tab_852,pos,टैबलेट वाकई काफी स्लिम है  और इसकी सर्वाधिक मोटाई 6.6 mm है।,design,tab,tab_852,software,pos
379,tab_870,pos,"यह रिजोल्यूशन अच्छा है , और मार्केट में उपलब्ध अन्य विकल्पों की तरह है।",misc,tab,tab_870,software,pos
380,tab_874,neu,"यह टैबलेट 1.2 GHz प्रोसेसर के साथ आता है , और इसमें 512 MB डीडीआर3 रैम और डुअल माली 400 एमपी है।",hardware,tab,tab_874,hardware,pos
381,tab_903,pos,"पिक्चर को क्रॉप और रोटेट करने के साथ शेयरिंग और एडिटिंग, लेवल सेट करना, रेड आई को हटाना, इफेक्ट डालना और भी बहुत कुछ आसान है।",software,tab,tab_903,software,pos
382,tab_914,pos,इस कीमत पर यह टैबलेट वाकई पैसा वसूल है।,price,tab,tab_914,price,pos
383,tab_920,pos,सहज टच स्क्रीन खासियत है।,hardware,tab,tab_920,software,pos
384,tab_932,neg,पर यह थोड़ा अजीब लगता है  क्योंकि कम कीमत के ज्यादातर टैबलेट में 7 इंची डिसप्ले लगा है।,design,tab,tab_932,software,pos
386,tab_949,neg,दुःख की बात है  कि फोन में एंड्रॉयड जिंजरब्रेड ऑपरेटिंग सिस्टम का पुराना वर्जन- एंड्रॉयड 2.3.1 ही लगा है।,hardware,tab,tab_949,software,pos
387,tab_952,con,भारी ग्राफिक्स वाले खेलों के लिए टैबलेट की प्रतिक्रिया धीमी हो सकती है  लेकिन वास्तव में यह ऐसे गेम को खेलने में सक्षम है।,hardware,tab,tab_952,software,pos
388,tab_966,pos,कुल मिलाकर इसके फीचर के मद्देनजर टैबलेट अच्छा है।,design,tab,tab_966,software,pos
389,tab_968,pos,"इस टैबलेट की एक और अच्छी बात यह है , कि यह 3जी डाटा कार्ड, एक एलएएन एडॉप्टर, एक चमड़े का कवर तथा एक जोड़ा रीबॉक धूप के चश्मे के साथ (ऑनलाइन विक्रेता के अनुसार) आता है  जो प्रभावी रूप से टैबलेट की कीमत लगभग 9000 रुपये के स्तर तक कम कर देते हैं।",price,tab,tab_968,software,pos
390,tab_978,con,और जब हमने इसे पहली बार देखा तो कीमत तथा परफार्मेंस को अच्छा पाया पर बाद में कुछ खामियां भी मिली।,misc,tab,tab_978,software,pos
391,tab_982,neg,इस तरह की स्थापना समस्या पैदा करती है  जबकि आप कई कनेक्टर का उपयोग करना चाहते हैं तथा इसे बर्बाद कर देती है।,hardware,tab,tab_982,software,pos
392,tab_983,neu,"हालांकि यूजर एक साथ दो से ज्यादा कनेक्टर का उपयोग नहीं करता है , तथा एक तरफ सारे पोर्ट की स्थापना से उन तक पहुंच को आसान बनाता है।",hardware,tab,tab_983,software,pos
393,tab_989,neu,यह अन्दर लगे एक मल्टीटच एप्लीकेशन के द्वारा यह जांचने की सुविधा देता है  कि टच कितना सही काम कर रहा है।,software,tab,tab_989,software,pos
394,tab_997,pos,"एप्लीकेशन न केवल परफार्मेंस को अधिकतम करने की सुविधा देता है , बल्कि स्पीड को नियंत्रित करने की भी सुविधा देता है , ताकि बैटरी लाइफ को बढ़ाया जा सके।",software,tab,tab_997,software,pos
395,tab_1004,neu,"तथा कुछ अतिरिक्त एप्लीकेशन के अलावा जिनकी चर्चा हम ऊपर के पैराग्राफ में कर चुके हैं, ऑपरेटिंग सिस्टम कुल मिलाकर स्टॉक संसकरण का ही है।",misc,tab,tab_1004,software,pos
396,tab_1012,neu,"कोई बात नहीं, वाम्मी 7, 4 जीबी के अंदरूनी स्टोरेज के साथ आता है  तथा इसकी मेमोरी को माइक्रो एसडी स्लॉट के द्वारा 32 जीबी तक बढ़ाया जा सकता है।",hardware,tab,tab_1012,design,neu
397,tab_1048,pos,गेमिंग और मल्टीटास्किंग दोनों तेज हैं।,software,tab,tab_1048,software,pos
398,tab_1058,con,"हालांकि ब्लूटूथ इस्तेमाल करते समय यह नोटिस किया गया कि, बैटरी वाईफाई के मुकाबले इस पर ज्यादा तेजी से चुकती है।",hardware,tab,tab_1058,software,pos
399,tab_1072,neu,"कुल मिला कर हनिकॉम्ब 3.2 इस डिवाइस के लिए अच्छा है, और डिवाइस पूरी तरह से इसके लिए तैयार की गई है।",misc,tab,tab_1072,software,pos
400,tab_1078,neu,"7-इंच के डिसप्ले के साथ, जिंक जेड990 टैबलेट के मुकाबले के अन्य टैबलेट्स में से कुछ हैं बीटेल, रिलायंस, एचसीएल और आईबेरी।",hardware,tab,tab_1078,software,pos
401,tab_1087,con,"हाथ में बहुत अच्छा लगता है , लेकिन अगर आप ने इसे ज्यादा जोर से पकड़ लिया तो यह टूट सकता है।",design,tab,tab_1087,software,pos
402,tab_1114,neu,जिंक टैबलेट में यूएसबी होस्ट फीचर है  जो यूएसबी फ्लैश स्टोरेज पर डाटा लिख और पढ़ सकता है।,hardware,tab,tab_1114,software,pos
403,tab_1123,pos,"इसका मूल मंत्र यह है , कि अगर आप नेटवर्क फंक्शन्स को बंद रखेंगे, तो सामान्य प्रयोग पर यह टैबलेट बेहतरीन बैटरी बैकअप देगी।",hardware,tab,tab_1123,software,pos
404,tab_1125,neu,इसके अलावा टैबलेट की बैटरी लाइफ औसत ही है।,hardware,tab,tab_1125,software,pos
405,tab_1126,con,"बेशक, एक टैबलेट एंड्रॉयड 4.0 आईस क्रीम सैंडविच के साथ 8990 रुपये में सुनने में अच्छा लगता है , लेकिन यह डिवाइस आम लोगों की जरूरतों से बहुत दूर है।",price,tab,tab_1126,software,pos
406,tab_1163,neg,हुवैई मीडिया पैड के बारे में एक सामान्य शिकायत बैटरी बैकअप कम होना है।,hardware,tab,tab_1163,software,pos
407,tab_1166,neu,तब भी बैटरी में कुछ क्षमता बाकी थी।,hardware,tab,tab_1166,software,pos
408,tab_1170,pos,टैबलेट के ऊपरी हिस्से में लगे दो स्पीकर काफी तेज आवाज देते हैं।,hardware,tab,tab_1170,software,pos
409,tab_1181,pos,फनबुक का आसान मगर उपयोगी डिजाइन है  जिसमें दो आवरणों के बीच में टैबलेट के इंटरनल कॉम्पोनेंट्स सुरक्षित हैं।,design,tab,tab_1181,software,pos
410,tab_1193,pos,"माइक्रोमैक्स फनबुक की एक और विशेषता है , इसमें लगा डूअल कोर 400 MHz का ग्राफिक प्रोसेसर जिससे इस डिवाइस पर फुल HD 1080p का वीडियो प्लेबैक की सुविधा भी है , पर एक बार फिर कम डिसप्ले रिजॉल्यूशन हाई डेफिनिशन कॉन्टेंट के मजे को खराब कर देता है  जिससे यूजर मिनी HDMI पोर्ट का इस्तेमाल कर इस कॉनटेंट का मजा किसी अन्य बड़े स्कीन पर ले पाता है।",hardware,tab,tab_1193,ease_of_use,neg
411,tab_1200,neu,"अब जबकि ऐसी डिवाइसेज के लिए ICS बन गए हैं जिनमें सिर्फ जरूरी या बिल्कुल भी हार्डवेयर बटन न हों, फिर भी फनबुक के साथ तीन हार्डवेयर बटन दिए गए हैं।",hardware,tab,tab_1200,software,pos
412,tab_1208,pos,"माइक्रोमैक्स फनबुक में लगी ICS 4.0 के चलते इसका मल्टीमीडिया प्रदर्शन शानदार है  क्योंकि इसकी ज्यादाकर एप्पलीकेशन्स SD कार्ड पर इंस्टॉल होने से डिवाइस की सिस्टम मेमोरी में अधिक जगह रहती है , जिससे यह तेज गति से कार्य करती है।",hardware,tab,tab_1208,software,pos
413,tab_1214,con,फनबुक जहां तेज और बेहतरीन WIFI कनेक्टिविटी देता है वहीं USB डॉन्गल्स की स्पीड आपके द्वारा लिये गए डाटा प्लान से निर्धारित होगी और आज भी तेज डाटा प्लान की कीमत भी कुछ अधिक ही है।,misc,tab,tab_1214,software,pos
414,tab_1218,neu,"एक बार पूरी तरह से चार्ज होने पर, यह बैटरी सामान्य इस्तेमाल पर एक दिन और लगातार वीडियो देखने पर 3-4 घंटे और WIFI पर वेब ब्राउजिंग के साथ 4 घंटे तक का पॉवर बैकअप देती है।",hardware,tab,tab_1218,software,pos
415,tab_1232,pos,माइक्रोसॉफ्ट का ये अब तक का सबसे पतला टैबलेट है।,design,tab,tab_1232,design,neu
416,tab_1248,pos,गर इस टैबलेट में कोई मालवेयर इंस्टॉल होता है तो भी टैब में मौजूद सेंसिटिव डाटा सुरक्षित रहेगा।,software,tab,tab_1248,software,pos
418,tra_22,neu,यहां फूलों की भी अलग-अलग किस्में पाई जाती हैं।,scenery,tra,tra_22,software,pos
420,tra_68,neg,पच्चीकारी नष्ट हो रही है और नगीने उखड़ गए हैं।,place,tra,tra_68,hardware,pos
423,tra_80,neg,जिससे ताज का सौंदर्य नष्ट हो रहा है।,scenery,tra,tra_80,hardware,pos
427,tra_94,pos,'श्योक' और 'नुब्रा' घाटियों को जोड़ने वाला यह दर्रा मोटर साइकिल और पहाड़ों के बाइक अभियान के लिए विश्व प्रसिद्ध है।,place,tra,tra_94,software,pos
429,tra_108,pos,भारत में लोगों के बीच हिल स्टेशन का क्रेज जबरदस्त है।,place,tra,tra_108,software,pos
430,tra_117,neu,ब्रिटिश शासन के दौरान अंग्रेजो के लिए मुन्नार दक्षिणी भारत का गर्मियों का रिजॉर्ट हुआ करता था।,place,tra,tra_117,place,neg
432,tra_129,neu,नजदीकी रेलवे स्टेशन तमिलनाडु का थेनी है जो मुन्नार से 60 किलोमीटर की दूरी पर है।,reachability,tra,tra_129,misc,pos
433,tra_137,pos,जाइरो पौधों और जन्तुओं के मामले में काफी धनी है तथा अपनी विविधता की वजह से प्रकृति प्रमियों के लिए आदर्श स्थान बनी हुई है।,misc,tra,tra_137,performance,neg
435,tra_177,pos,यहां हर साल फरवरी महीने में काला घोड़ा एसोशियसन की तरफ से काला घोड़ा आर्ट फेस्टीवल का आयोजन किया जाता है जो काफी रोचक होता है।,place,tra,tra_177,design,neu
436,tra_179,pos,यह जगह स्ट्रीट शॉपिंग के लिए पूरे मुंबई में प्रसिद्ध है।,misc,tra,tra_179,software,pos
437,tra_180,pos,"मुंबई के चोर बाजार के नाम से चर्चित कोलाबा कॉजवे में आपको फैशन के साजो समान, कपड़े और सजावट के हर समान सही दाम पर उपलब्ध हो जाएंगे।",misc,tra,tra_180,performance,neg
439,tra_202,pos,पशुपतिनाथ मंदिर दुनियाभर के हिन्दूतीर्थ यात्रियों के अलावा गैर हिन्दू पर्यटकों के लिए आकर्षण का केंद्र भी रहा है।,place,tra,tra_202,software,pos
441,tra_218,pos,यह काठमांडू की सबसे महत्वपूर्ण सड़क है जहां सैलानियों की भींड़ आज भी उमड़ती है।,place,tra,tra_218,software,pos
446,tra_307,pos,नदियों व पर्वत-पहाड़ियों से घिरा हुआ एक अनोखा पर्यटन स्थल केरल हमेशा ही सैलानियों को अपनी और खींचता रहा है।,scenery,tra,tra_307,design,neu
449,tra_359,pos,मुख्य सड़क की सैर या नदी किनारे टहलना आनंददायक अनुभव है।,scenery,tra,tra_359,software,pos
452,tra_399,pos,देवघर के बाहरी हिस्से में स्थित यह मंदिर अपने वास्तुशिल्प की ख़ूबसूरती के लिए जाना जाता है।,place,tra,tra_399,hardware,pos
453,tra_416,neu,जसीडीह जंक्शन भारत के सभी प्रमुख भागों से जुड़ा है।,reachability,tra,tra_416,design,neu
454,tra_429,neu,लाहौर गेट इसका मुख्य प्रवेशद्वार है।,place,tra,tra_429,design,neu
455,tra_441,neu,कहा जाता है कि यह त्रिशूल भगवान शिव से संबंधित है।,place,tra,tra_441,place,neg
456,tra_442,pos,"सुंदररानी जंगल, गली जसर्कोते, सनासार में कोई भी रोमांचक ट्रैक चुन सकते हैं।",scenery,tra,tra_442,misc,pos
457,tra_443,pos,सानासर रोड पर पटनीटॉप से छह किलोमीटर की दूरी पर स्थित माधाटॉप में स्कीइंग की बेहतरीन जगह है।,place,tra,tra_443,hardware,pos
458,tra_446,pos,खूबसूरत इमारतों और लजीज खाने के कारण मशहूर हैदराबाद प्रमुख पर्यटन स्थल है।,place,tra,tra_446,design,neu
459,tra_449,neu,चारमीनार को मुहम्मद कुली कुतुबशाह ने बनवाया था।,place,tra,tra_449,place,neg
460,tra_450,pos,हैदराबाद शहर प्राचीन और आधुनिक का अनोखा मिश्रण है जो देखने वालों को 400 वर्ष पुराने भवनों की भव्यता के साथ आपस में सटी आधुनिक इमारतों का दर्शन भी कराता है।,place,tra,tra_450,hardware,pos
461,tra_454,con,"चार मीनार की छत पर जाकर शहर का एक विहंगम दृश्य दिखाई देता है, जबकि मीनारों के अंदर अत्यधिक भीड़ के कारण कुछ विशेष अतिथियों को भारतीय पुरातत्व सर्वेक्षण, हैदराबाद वृत की अनुमति से यहां जाने दिया जाता है और वे मीनारों के सबसे ऊपरी सिरे पर जाकर हैदराबाद का दृश्य देख सकते हैं।",reachability,tra,tra_454,software,pos
462,tra_479,pos,"दूर-दूर तक फैले खूबसूरत चाय के बागान, हरी-भरी घाटियां, वर्ष भर सुहाना मौसम, ऊंची-ऊंची चोटियां, अभयारण्य, प्राकृतिक खुशबू से भरी हवा के अलावा बाकी वह सब कुछ है जो आपकी हनीमून को यादगार बना सकता है।",place,tra,tra_479,place,neg
463,tra_484,pos,खंडाला: प्राकृतिक सौंदर्य का पिटारा,place,tra,tra_484,hardware,pos
464,tra_487,pos,खूबसूरत पहाड़ों और झरनों के बीच बसे इस लोकप्रिय हिल स्टेशन का मनोरम दृश्य किसी को भी मोहित कर देगा।,place,tra,tra_487,performance,neg
465,tra_494,pos,ऊंचे-ऊंचे देवदार और बलूत वृक्षों के बीच स्थित इस हिल स्टेशन का नजारा बेहद शांत और आकषर्क लगता है।,scenery,tra,tra_494,hardware,pos
466,tra_495,pos,उत्तराखंड की गोद में स्थित धनौल्टी गढ़वाल का मशहूर हिल स्टेशन है जो मसूरी से लगभग तीस किलोमीटर दूर स्थित है।,place,tra,tra_495,hardware,pos
467,tra_505,pos,कसौली ताजगी और शांति का आदर्श हनीमून डिस्टनेशन है।,place,tra,tra_505,hardware,pos
468,tra_506,pos,सेंट्रल रिसर्च इंस्टीट्यूट और लॉरेंस स्कूल कसौली के पर्यटन स्थल है जो विश्व में भी प्रसिद्ध हैं।,place,tra,tra_506,software,pos
469,tra_516,pos,जिम कॉर्बेट नेशनल पार्क भारत में सबसे पुराना राष्ट्रीय उद्यान है।,place,tra,tra_516,place,neg
470,tra_519,pos,इन जानवरो को नजदीक से देखकर आप रोमांचित हो जाएंगे।,scenery,tra,tra_519,misc,pos
471,tra_520,pos,बांधवगढ़ अभयारण्य मध्य प्रदेश का सबसे प्रसिद्ध राष्ट्रीय उद्यानों में से एक है।,place,tra,tra_520,software,pos
472,tra_524,pos,बाघों से रूबरू होने की यह सही जगह है।,scenery,tra,tra_524,software,pos
473,tra_528,pos,पेरियार नेशनल पार्क (पेरियार राष्ट्रीय उद्यान) दक्षिणी भारत का एक खूबसूरत और प्रसिद्ध पार्क है।,place,tra,tra_528,software,pos
474,tra_534,neu,पश्चिम बंगाल में स्थित यह राष्ट्रीय उद्यान मैंग्रोव (सुंदरी) जंगल से घिरा है।,misc,tra,tra_534,place,neg
475,tra_536,pos,मध्य प्रदेश अपने राष्ट्रीय पार्को और जंगलों के लिए प्रसिद्ध है।,place,tra,tra_536,software,pos
476,tra_537,pos,मध्यप्रदेश के मंडला जिलें में स्थित विश्व प्रसिद्ध कान्हा राष्ट्रीय उद्यान की प्राकृतिक सुंदरता पर्यटकों के बीच हमेशा से आकर्षण का केंद्र रहा है।,place,tra,tra_537,software,pos
477,tra_539,pos,इस उद्यान में पक्षियों के अलावा कई प्रजातियों के सुंदर फूल और खूबसूरत तितलियां भी देखी जा सकती हैं।,scenery,tra,tra_539,software,pos
478,tra_552,pos,सतरंगी ट्यूलिप के फूलों से सजा ट्यूलिप गार्डन घाटी में पर्यटकों के आकर्षण का एक प्रमुख केंद्र बन गया है।,place,tra,tra_552,design,neu
479,tra_567,pos,मुख्य आकर्षण-खूबसूरत ट्यूलिप के फूल और सांस्कृतिक कार्यक्रम व प्रदर्शनी,place,tra,tra_567,design,neu
480,tra_576,pos,इस दौरान शिव बारात मुख्य आकर्षण होता है।,place,tra,tra_576,design,neu
481,tra_582,pos,भोलेनाथ के श्रृंगार को देखने के लिए मंदिर में श्रद्धालु और पर्यटक खास तौर पर आते हैं।,misc,tra,tra_582,software,pos
482,tra_583,pos,"यहां शिवलिंग का शहद, चंदन, बेलपत्र और फूल से विशेष श्रृंगार किया जाता है।",misc,tra,tra_583,software,pos
483,tra_586,pos,प्रकृति ने मनाली का श्रृंगार खुले हाथों से किया है।,place,tra,tra_586,misc,pos
484,tra_590,pos,"सैलानी का पहला दिन समुद्र तल से 13050 फीट ऊंचे रोहतांग दर्रे पर कटता है, जहां सैलानी पल-पल रंग बदलते मौसम का कायल हो जाता है।",place,tra,tra_590,place,neg
485,tra_599,pos,यहां ऐतिहासिक गुरुद्वारा और गर्म पानी के चश्मे सभी का मन मोह लेते हैं।,place,tra,tra_599,place,neg
486,tra_606,pos,बाहंग के हिम वैली फन पार्क में भी सैलानी दस्तक देकर सुकून के दो पल बिताते हुए मनाली की यात्रा को यादगार बना सकते हैं।,place,tra,tra_606,performance,neg
487,tra_611,pos,दरगाह अजमेर शरीफ का भारत में बड़ा महत्व है।,place,tra,tra_611,place,neg
488,tra_617,pos,अजमेर शहर के बीच बनी यह सुंदर कृतिम झील यहां का सबसे रमणीक स्थल है।,place,tra,tra_617,place,neg
489,tra_624,pos,अजमेर की ऐतिहासिक धरोहर तारागढ़ दुर्ग की दीवारें व बुर्ज पर्यटकों को लुभाते हैं।,place,tra,tra_624,place,neg
490,tra_640,pos,यह अभयारण्य प्राकृतिक सुंदरता के साथ-साथ पक्षियों से गुलजार रहता है।,scenery,tra,tra_640,hardware,pos
491,tra_643,pos,यह बहुत ही सुंदर और दर्शनीय स्थल है।,place,tra,tra_643,software,pos
492,tra_655,pos,इस शहर का उल्लेख भारत के धार्मिक ग्रन्थों में भी मिलता है।,misc,tra,tra_655,place,neg
493,tra_678,pos,महम की बावड़ी देश भर में प्रसिद्ध है।,place,tra,tra_678,software,pos
494,tra_688,neu,"पटना से लगभग 107 किमी और नालंदा से 19 किमी दूर राजगीर हिन्दू, जैन और बौद्ध तीनों धर्मो के धार्मिक स्थल हैं।",misc,tra,tra_688,place,neg
495,tra_689,neu,खासकर बौद्ध धर्म से इसका बहुत प्राचीन संबंध है।,place,tra,tra_689,software,pos
496,tra_694,neu,राजगीर पांच चट्टानी पहाड़ियों से घिरा है।,place,tra,tra_694,place,neg
497,tra_709,neu,"इस महोत्सव में मगध के इतिहास की झलक कलाकार गीत, संगीत और नृत्य के माध्यम से प्रस्तुत करते हैं।",misc,tra,tra_709,software,pos
498,tra_714,neu,बीकानेर यात्रा में राकेश के साथ लडेरा गाँव स्थित मरुभूमि महोत्सव देखने का कार्यक्रम बनाया गया था।,misc,tra,tra_714,hardware,pos
499,tra_723,pos,शायद वर्षों तक ये दृश्य मेरे स्मृतिपटल पर अंकित रहे।,scenery,tra,tra_723,performance,neg
500,tra_760,pos,माउंट एवरेस्ट को देख पाने की ललक भी अंदर ही अंदर स्कूली मन में कुलाँचे मार रही थी।,misc,tra,tra_760,hardware,pos
501,tra_767,neg,यहाँ खाना पीना उतना मँहगा नहीं पर रहना जेब को काफी भारी पड़ता है।,place,tra,tra_767,software,pos
502,tel_3,pos,"इस TV के बैकपैनल में खास LED Lights की पट्टियां लगी हुई है, जो स्क्रीन पर चल रही तस्वीर के हिसाब से अपने रंग बदलने की काबिलियत रखती है।",hardware,tel,tel_3,software,pos
503,tel_15,neu,"LED के पीछे स्पीकर्स और दूसरा सर्किट दिया है, इनमें ऑडियो पोर्ट, USB पोर्ट, 2 HDMI पोर्ट और VGA पोर्ट शामिल हैं।",hardware,tel,tel_15,software,pos
504,tel_17,neu,"बाएं तरफ ही कोएक्सीअल पोर्ट और अतिरिक्त USB पोर्ट दिया गया है साथ ही, यहां हेडफोन और मिनी AV आउट जैक भी मौजूद है।",hardware,tel,tel_17,software,pos
505,tel_30,neu,टेलीविजन में ऐप्स इन्सटॉल करने के लिए ऑनबोर्ड 8GB स्टोरेज है।,hardware,tel,tel_30,software,pos
506,tel_38,pos,ये बेहतर क्वालिटी और वाइड व्यू देने के साथ-साथ यूजर्स की आंखों को भी नुकसान नहीं पहुचाती है।,ease_of_use,tel,tel_38,software,pos
507,tel_48,neu,माइक्रोमैक्स के 4K टीवी 42 इंच और 49 इंच की स्क्रीन साइज ऑप्शन में आएंगे।,hardware,tel,tel_48,hardware,pos
508,tel_53,neu,माइक्रोमैक्स के ये दोनों ही टीवी एंड्रॉइड ऑपरेटिंग सिस्टम पर आधारित हैं।,software,tel,tel_53,software,pos
509,tel_76,neu,एप्पल टीवी में इंटरनेट कनेश्न पोर्ट के साथ एक HDMI पोर्ट (डिजिटल ऑडियो और वीडियो ट्रांसफर करने के लिए HDMI पोर्ट और केबल का इस्तेमाल किया जाता है।,hardware,tel,tel_76,ease_of_use,neg
510,tel_96,neu,"फिलहाल नया मैक स्पेशलिस्ट, सीरीयस फोटोग्राफर और 4K एडिटर को फोकस करेगा।",misc,tel,tel_96,software,pos
511,tel_108,pos,यही इसका सबसे महत्वपूर्ण फीचर भी है।,misc,tel,tel_108,software,pos
512,tel_129,pos,इसके चलते पिक्चर क्वालिटी पूरी तरह क्लियर मिलती है।,hardware,tel,tel_129,hardware,pos
